"WaferNumber: Ascending","X: Descending","Y: Descending",HBin
10,1,13,39
10,1,14,39
10,1,18,20
10,1,15,11
10,1,16,11
10,1,17,10
10,4,26,39
10,4,28,18
10,4,12,12
10,4,25,11
10,4,22,10
10,4,16,5
10,4,4,3
10,4,5,1
10,4,6,1
10,4,7,1
10,4,8,1
10,4,9,1
10,4,10,1
10,4,11,1
10,4,13,1
10,4,14,1
10,4,15,1
10,4,17,1
10,4,18,1
10,4,19,1
10,4,20,1
10,4,21,1
10,4,23,1
10,4,24,1
10,4,27,1
10,6,24,39
10,6,17,25
10,6,12,11
10,6,18,11
10,6,29,11
10,6,2,10
10,6,16,5
10,6,28,5
10,6,20,3
10,6,3,1
10,6,4,1
10,6,5,1
10,6,6,1
10,6,7,1
10,6,8,1
10,6,9,1
10,6,10,1
10,6,11,1
10,6,13,1
10,6,14,1
10,6,15,1
10,6,19,1
10,6,21,1
10,6,22,1
10,6,23,1
10,6,25,1
10,6,26,1
10,6,27,1
10,7,30,39
10,7,2,25
10,7,1,11
10,7,3,11
10,7,9,11
10,7,17,11
10,7,4,3
10,7,8,3
10,7,16,3
10,7,18,2
10,7,5,1
10,7,6,1
10,7,7,1
10,7,10,1
10,7,11,1
10,7,12,1
10,7,13,1
10,7,14,1
10,7,15,1
10,7,19,1
10,7,20,1
10,7,21,1
10,7,22,1
10,7,23,1
10,7,24,1
10,7,25,1
10,7,26,1
10,7,27,1
10,7,28,1
10,7,29,1
10,8,2,39
10,8,21,39
10,8,15,11
10,8,18,11
10,8,4,10
10,8,5,10
10,8,23,10
10,8,26,10
10,8,10,7
10,8,6,5
10,8,25,2
10,8,3,1
10,8,7,1
10,8,8,1
10,8,9,1
10,8,11,1
10,8,12,1
10,8,13,1
10,8,14,1
10,8,16,1
10,8,17,1
10,8,19,1
10,8,20,1
10,8,22,1
10,8,24,1
10,8,27,1
10,8,28,1
10,8,29,1
10,8,30,1
10,9,29,39
10,9,20,22
10,9,28,12
10,9,16,11
10,9,2,10
10,9,6,10
10,9,25,5
10,9,5,3
10,9,22,3
10,9,3,1
10,9,4,1
10,9,7,1
10,9,8,1
10,9,9,1
10,9,10,1
10,9,11,1
10,9,12,1
10,9,13,1
10,9,14,1
10,9,15,1
10,9,17,1
10,9,18,1
10,9,19,1
10,9,21,1
10,9,23,1
10,9,24,1
10,9,26,1
10,9,27,1
10,10,28,39
10,10,3,12
10,10,10,11
10,10,5,10
10,10,25,10
10,10,18,5
10,10,14,3
10,10,4,1
10,10,6,1
10,10,7,1
10,10,8,1
10,10,9,1
10,10,11,1
10,10,12,1
10,10,13,1
10,10,15,1
10,10,16,1
10,10,17,1
10,10,19,1
10,10,20,1
10,10,21,1
10,10,22,1
10,10,23,1
10,10,24,1
10,10,26,1
10,10,27,1
10,11,26,39
10,11,13,11
10,11,20,11
10,11,22,11
10,11,9,10
10,11,18,10
10,11,23,10
10,11,21,5
10,11,24,5
10,11,8,3
10,11,19,3
10,11,5,1
10,11,6,1
10,11,7,1
10,11,10,1
10,11,11,1
10,11,12,1
10,11,14,1
10,11,15,1
10,11,16,1
10,11,17,1
10,11,25,1
10,12,24,26
10,12,7,18
10,12,8,11
10,12,11,10
10,12,19,3
10,12,22,3
10,12,9,1
10,12,10,1
10,12,12,1
10,12,13,1
10,12,14,1
10,12,15,1
10,12,16,1
10,12,17,1
10,12,18,1
10,12,20,1
10,12,21,1
10,12,23,1
10,13,19,26
10,13,12,11
10,13,13,10
10,13,15,10
10,13,14,7
10,13,18,5
10,13,16,1
10,13,17,1
10,2,21,25
10,2,16,11
10,2,23,11
10,2,12,10
10,2,17,10
10,2,20,10
10,2,8,1
10,2,9,1
10,2,10,1
10,2,11,1
10,2,13,1
10,2,14,1
10,2,15,1
10,2,18,1
10,2,19,1
10,2,22,1
10,5,2,25
10,5,29,11
10,5,17,5
10,5,5,3
10,5,15,3
10,5,8,2
10,5,3,1
10,5,4,1
10,5,6,1
10,5,7,1
10,5,9,1
10,5,10,1
10,5,11,1
10,5,12,1
10,5,13,1
10,5,14,1
10,5,16,1
10,5,18,1
10,5,19,1
10,5,20,1
10,5,21,1
10,5,22,1
10,5,23,1
10,5,24,1
10,5,25,1
10,5,26,1
10,5,27,1
10,5,28,1
10,3,5,22
10,3,13,11
10,3,26,11
10,3,9,10
10,3,11,10
10,3,14,10
10,3,25,5
10,3,6,3
10,3,15,3
10,3,20,3
10,3,23,3
10,3,7,1
10,3,8,1
10,3,10,1
10,3,12,1
10,3,16,1
10,3,17,1
10,3,18,1
10,3,19,1
10,3,21,1
10,3,22,1
10,3,24,1
11,1,13,39
11,1,14,39
11,1,18,39
11,1,15,22
11,1,17,10
11,1,16,5
11,2,12,39
11,2,11,11
11,2,14,10
11,2,8,5
11,2,17,2
11,2,9,1
11,2,10,1
11,2,13,1
11,2,15,1
11,2,16,1
11,2,18,1
11,2,19,1
11,2,20,1
11,2,21,1
11,2,22,1
11,2,23,1
11,3,7,39
11,3,6,25
11,3,5,22
11,3,19,11
11,3,20,10
11,3,22,10
11,3,25,10
11,3,26,10
11,3,8,5
11,3,9,5
11,3,14,3
11,3,10,1
11,3,11,1
11,3,12,1
11,3,13,1
11,3,15,1
11,3,16,1
11,3,17,1
11,3,18,1
11,3,21,1
11,3,23,1
11,3,24,1
11,4,10,39
11,4,28,39
11,4,8,10
11,4,23,10
11,4,24,10
11,4,17,3
11,4,4,1
11,4,5,1
11,4,6,1
11,4,7,1
11,4,9,1
11,4,11,1
11,4,12,1
11,4,13,1
11,4,14,1
11,4,15,1
11,4,16,1
11,4,18,1
11,4,19,1
11,4,20,1
11,4,21,1
11,4,22,1
11,4,25,1
11,4,26,1
11,4,27,1
11,6,2,39
11,6,26,17
11,6,24,12
11,6,29,10
11,6,16,6
11,6,18,5
11,6,19,5
11,6,4,3
11,6,3,1
11,6,5,1
11,6,6,1
11,6,7,1
11,6,8,1
11,6,9,1
11,6,10,1
11,6,11,1
11,6,12,1
11,6,13,1
11,6,14,1
11,6,15,1
11,6,17,1
11,6,20,1
11,6,21,1
11,6,22,1
11,6,23,1
11,6,25,1
11,6,27,1
11,6,28,1
11,7,30,39
11,7,6,12
11,7,1,11
11,7,15,11
11,7,27,11
11,7,28,11
11,7,5,10
11,7,14,5
11,7,26,5
11,7,2,1
11,7,3,1
11,7,4,1
11,7,7,1
11,7,8,1
11,7,9,1
11,7,10,1
11,7,11,1
11,7,12,1
11,7,13,1
11,7,16,1
11,7,17,1
11,7,18,1
11,7,19,1
11,7,20,1
11,7,21,1
11,7,22,1
11,7,23,1
11,7,24,1
11,7,25,1
11,7,29,1
11,8,2,39
11,8,3,39
11,8,30,22
11,8,15,5
11,8,16,3
11,8,17,3
11,8,4,1
11,8,5,1
11,8,6,1
11,8,7,1
11,8,8,1
11,8,9,1
11,8,10,1
11,8,11,1
11,8,12,1
11,8,13,1
11,8,14,1
11,8,18,1
11,8,19,1
11,8,20,1
11,8,21,1
11,8,22,1
11,8,23,1
11,8,24,1
11,8,25,1
11,8,26,1
11,8,27,1
11,8,28,1
11,8,29,1
11,13,18,39
11,13,19,39
11,13,14,11
11,13,15,11
11,13,16,11
11,13,12,1
11,13,13,1
11,13,17,1
11,9,4,25
11,9,28,22
11,9,9,10
11,9,25,10
11,9,19,5
11,9,2,3
11,9,11,3
11,9,18,3
11,9,20,3
11,9,21,3
11,9,3,1
11,9,5,1
11,9,6,1
11,9,7,1
11,9,8,1
11,9,10,1
11,9,12,1
11,9,13,1
11,9,14,1
11,9,15,1
11,9,16,1
11,9,17,1
11,9,22,1
11,9,23,1
11,9,24,1
11,9,26,1
11,9,27,1
11,9,29,1
11,5,2,20
11,5,28,11
11,5,29,11
11,5,3,3
11,5,7,3
11,5,8,3
11,5,22,3
11,5,4,1
11,5,5,1
11,5,6,1
11,5,9,1
11,5,10,1
11,5,11,1
11,5,12,1
11,5,13,1
11,5,14,1
11,5,15,1
11,5,16,1
11,5,17,1
11,5,18,1
11,5,19,1
11,5,20,1
11,5,21,1
11,5,23,1
11,5,24,1
11,5,25,1
11,5,26,1
11,5,27,1
11,12,7,18
11,12,24,11
11,12,12,10
11,12,14,5
11,12,17,5
11,12,20,3
11,12,8,1
11,12,9,1
11,12,10,1
11,12,11,1
11,12,13,1
11,12,15,1
11,12,16,1
11,12,18,1
11,12,19,1
11,12,21,1
11,12,22,1
11,12,23,1
11,10,4,11
11,10,15,10
11,10,3,3
11,10,26,3
11,10,5,1
11,10,6,1
11,10,7,1
11,10,8,1
11,10,9,1
11,10,10,1
11,10,11,1
11,10,12,1
11,10,13,1
11,10,14,1
11,10,16,1
11,10,17,1
11,10,18,1
11,10,19,1
11,10,20,1
11,10,21,1
11,10,22,1
11,10,23,1
11,10,24,1
11,10,25,1
11,10,27,1
11,10,28,1
11,11,6,10
11,11,8,10
11,11,12,10
11,11,18,5
11,11,24,5
11,11,9,3
11,11,26,3
11,11,5,1
11,11,7,1
11,11,10,1
11,11,11,1
11,11,13,1
11,11,14,1
11,11,15,1
11,11,16,1
11,11,17,1
11,11,19,1
11,11,20,1
11,11,21,1
11,11,22,1
11,11,23,1
11,11,25,1
12,1,14,39
12,1,15,39
12,1,16,39
12,1,17,39
12,1,18,39
12,1,13,10
12,4,7,39
12,4,28,39
12,4,8,10
12,4,20,5
12,4,6,3
12,4,17,3
12,4,4,1
12,4,5,1
12,4,9,1
12,4,10,1
12,4,11,1
12,4,12,1
12,4,13,1
12,4,14,1
12,4,15,1
12,4,16,1
12,4,18,1
12,4,19,1
12,4,21,1
12,4,22,1
12,4,23,1
12,4,24,1
12,4,25,1
12,4,26,1
12,4,27,1
12,6,2,39
12,6,19,39
12,6,12,11
12,6,18,11
12,6,4,10
12,6,5,10
12,6,16,5
12,6,29,5
12,6,10,3
12,6,20,3
12,6,22,3
12,6,28,3
12,6,3,1
12,6,6,1
12,6,7,1
12,6,8,1
12,6,9,1
12,6,11,1
12,6,13,1
12,6,14,1
12,6,15,1
12,6,17,1
12,6,21,1
12,6,23,1
12,6,24,1
12,6,25,1
12,6,26,1
12,6,27,1
12,7,17,39
12,7,3,25
12,7,5,25
12,7,4,10
12,7,26,10
12,7,28,10
12,7,14,5
12,7,19,5
12,7,30,5
12,7,1,3
12,7,24,3
12,7,2,1
12,7,6,1
12,7,7,1
12,7,8,1
12,7,9,1
12,7,10,1
12,7,11,1
12,7,12,1
12,7,13,1
12,7,15,1
12,7,16,1
12,7,18,1
12,7,20,1
12,7,21,1
12,7,22,1
12,7,23,1
12,7,25,1
12,7,27,1
12,7,29,1
12,11,21,39
12,11,24,25
12,11,26,22
12,11,11,10
12,11,12,10
12,11,23,10
12,11,7,5
12,11,18,4
12,11,6,3
12,11,5,1
12,11,8,1
12,11,9,1
12,11,10,1
12,11,13,1
12,11,14,1
12,11,15,1
12,11,16,1
12,11,17,1
12,11,19,1
12,11,20,1
12,11,22,1
12,11,25,1
12,8,29,26
12,8,7,25
12,8,2,11
12,8,15,11
12,8,30,11
12,8,26,10
12,8,28,10
12,8,11,4
12,8,3,1
12,8,4,1
12,8,5,1
12,8,6,1
12,8,8,1
12,8,9,1
12,8,10,1
12,8,12,1
12,8,13,1
12,8,14,1
12,8,16,1
12,8,17,1
12,8,18,1
12,8,19,1
12,8,20,1
12,8,21,1
12,8,22,1
12,8,23,1
12,8,24,1
12,8,25,1
12,8,27,1
12,3,7,25
12,3,5,22
12,3,10,10
12,3,14,10
12,3,19,10
12,3,21,10
12,3,25,10
12,3,26,10
12,3,22,4
12,3,6,3
12,3,20,2
12,3,8,1
12,3,9,1
12,3,11,1
12,3,12,1
12,3,13,1
12,3,15,1
12,3,16,1
12,3,17,1
12,3,18,1
12,3,23,1
12,3,24,1
12,5,2,25
12,5,18,25
12,5,7,10
12,5,25,10
12,5,26,10
12,5,27,10
12,5,29,5
12,5,10,3
12,5,11,3
12,5,17,3
12,5,19,3
12,5,21,3
12,5,3,1
12,5,4,1
12,5,5,1
12,5,6,1
12,5,8,1
12,5,9,1
12,5,12,1
12,5,13,1
12,5,14,1
12,5,15,1
12,5,16,1
12,5,20,1
12,5,22,1
12,5,23,1
12,5,24,1
12,5,28,1
12,12,24,22
12,12,7,18
12,12,9,12
12,12,22,11
12,12,11,10
12,12,19,10
12,12,8,5
12,12,10,1
12,12,12,1
12,12,13,1
12,12,14,1
12,12,15,1
12,12,16,1
12,12,17,1
12,12,18,1
12,12,20,1
12,12,21,1
12,12,23,1
12,10,10,12
12,10,7,10
12,10,9,10
12,10,6,6
12,10,3,5
12,10,22,3
12,10,25,3
12,10,26,3
12,10,4,1
12,10,5,1
12,10,8,1
12,10,11,1
12,10,12,1
12,10,13,1
12,10,14,1
12,10,15,1
12,10,16,1
12,10,17,1
12,10,18,1
12,10,19,1
12,10,20,1
12,10,21,1
12,10,23,1
12,10,24,1
12,10,27,1
12,10,28,1
12,2,17,11
12,2,16,10
12,2,18,10
12,2,10,3
12,2,8,1
12,2,9,1
12,2,11,1
12,2,12,1
12,2,13,1
12,2,14,1
12,2,15,1
12,2,19,1
12,2,20,1
12,2,21,1
12,2,22,1
12,2,23,1
12,9,3,11
12,9,4,10
12,9,2,3
12,9,5,1
12,9,6,1
12,9,7,1
12,9,8,1
12,9,9,1
12,9,10,1
12,9,11,1
12,9,12,1
12,9,13,1
12,9,14,1
12,9,15,1
12,9,16,1
12,9,17,1
12,9,18,1
12,9,19,1
12,9,20,1
12,9,21,1
12,9,22,1
12,9,23,1
12,9,24,1
12,9,25,1
12,9,26,1
12,9,27,1
12,9,28,1
12,9,29,1
12,13,15,10
12,13,12,5
12,13,19,5
12,13,13,1
12,13,14,1
12,13,16,1
12,13,17,1
12,13,18,1
13,1,18,39
13,1,13,26
13,1,14,1
13,1,15,1
13,1,16,1
13,1,17,1
13,7,8,39
13,7,30,39
13,7,15,26
13,7,3,25
13,7,11,22
13,7,16,11
13,7,29,11
13,7,1,10
13,7,9,5
13,7,14,5
13,7,26,5
13,7,23,4
13,7,2,3
13,7,4,1
13,7,5,1
13,7,6,1
13,7,7,1
13,7,10,1
13,7,12,1
13,7,13,1
13,7,17,1
13,7,18,1
13,7,19,1
13,7,20,1
13,7,21,1
13,7,22,1
13,7,24,1
13,7,25,1
13,7,27,1
13,7,28,1
13,8,2,39
13,8,14,11
13,8,15,11
13,8,13,5
13,8,26,5
13,8,28,5
13,8,30,5
13,8,3,3
13,8,10,2
13,8,4,1
13,8,5,1
13,8,6,1
13,8,7,1
13,8,8,1
13,8,9,1
13,8,11,1
13,8,12,1
13,8,16,1
13,8,17,1
13,8,18,1
13,8,19,1
13,8,20,1
13,8,21,1
13,8,22,1
13,8,23,1
13,8,24,1
13,8,25,1
13,8,27,1
13,8,29,1
13,2,12,25
13,2,23,12
13,2,8,11
13,2,10,10
13,2,22,5
13,2,20,4
13,2,9,1
13,2,11,1
13,2,13,1
13,2,14,1
13,2,15,1
13,2,16,1
13,2,17,1
13,2,18,1
13,2,19,1
13,2,21,1
13,3,6,25
13,3,21,22
13,3,17,11
13,3,5,5
13,3,14,3
13,3,26,3
13,3,7,1
13,3,8,1
13,3,9,1
13,3,10,1
13,3,11,1
13,3,12,1
13,3,13,1
13,3,15,1
13,3,16,1
13,3,18,1
13,3,19,1
13,3,20,1
13,3,22,1
13,3,23,1
13,3,24,1
13,3,25,1
13,4,18,25
13,4,28,22
13,4,13,11
13,4,27,11
13,4,22,10
13,4,4,3
13,4,25,2
13,4,5,1
13,4,6,1
13,4,7,1
13,4,8,1
13,4,9,1
13,4,10,1
13,4,11,1
13,4,12,1
13,4,14,1
13,4,15,1
13,4,16,1
13,4,17,1
13,4,19,1
13,4,20,1
13,4,21,1
13,4,23,1
13,4,24,1
13,4,26,1
13,6,25,25
13,6,27,10
13,6,2,5
13,6,18,5
13,6,13,4
13,6,15,4
13,6,7,3
13,6,26,3
13,6,29,3
13,6,3,1
13,6,4,1
13,6,5,1
13,6,6,1
13,6,8,1
13,6,9,1
13,6,10,1
13,6,11,1
13,6,12,1
13,6,14,1
13,6,16,1
13,6,17,1
13,6,19,1
13,6,20,1
13,6,21,1
13,6,22,1
13,6,23,1
13,6,24,1
13,6,28,1
13,10,13,25
13,10,19,25
13,10,3,11
13,10,5,11
13,10,25,11
13,10,28,11
13,10,10,10
13,10,4,3
13,10,6,3
13,10,15,3
13,10,7,1
13,10,8,1
13,10,9,1
13,10,11,1
13,10,12,1
13,10,14,1
13,10,16,1
13,10,17,1
13,10,18,1
13,10,20,1
13,10,21,1
13,10,22,1
13,10,23,1
13,10,24,1
13,10,26,1
13,10,27,1
13,12,10,25
13,12,16,7
13,12,7,5
13,12,14,5
13,12,23,5
13,12,11,3
13,12,12,3
13,12,22,3
13,12,8,1
13,12,9,1
13,12,13,1
13,12,15,1
13,12,17,1
13,12,18,1
13,12,19,1
13,12,20,1
13,12,21,1
13,12,24,1
13,11,23,22
13,11,25,19
13,11,26,17
13,11,16,10
13,11,5,3
13,11,6,1
13,11,7,1
13,11,8,1
13,11,9,1
13,11,10,1
13,11,11,1
13,11,12,1
13,11,13,1
13,11,14,1
13,11,15,1
13,11,17,1
13,11,18,1
13,11,19,1
13,11,20,1
13,11,21,1
13,11,22,1
13,11,24,1
13,5,2,11
13,5,5,11
13,5,12,11
13,5,23,11
13,5,16,7
13,5,3,5
13,5,29,5
13,5,13,3
13,5,4,1
13,5,6,1
13,5,7,1
13,5,8,1
13,5,9,1
13,5,10,1
13,5,11,1
13,5,14,1
13,5,15,1
13,5,17,1
13,5,18,1
13,5,19,1
13,5,20,1
13,5,21,1
13,5,22,1
13,5,24,1
13,5,25,1
13,5,26,1
13,5,27,1
13,5,28,1
13,9,2,11
13,9,11,11
13,9,12,11
13,9,14,11
13,9,24,11
13,9,28,11
13,9,8,10
13,9,18,10
13,9,20,5
13,9,29,5
13,9,4,3
13,9,26,3
13,9,3,1
13,9,5,1
13,9,6,1
13,9,7,1
13,9,9,1
13,9,10,1
13,9,13,1
13,9,15,1
13,9,16,1
13,9,17,1
13,9,19,1
13,9,21,1
13,9,22,1
13,9,23,1
13,9,25,1
13,9,27,1
13,13,15,11
13,13,18,11
13,13,12,5
13,13,16,4
13,13,13,1
13,13,14,1
13,13,17,1
13,13,19,1
14,13,17,42
14,13,19,26
14,13,14,25
14,13,12,22
14,13,13,11
14,13,15,7
14,13,18,5
14,13,16,1
14,2,12,41
14,2,13,11
14,2,21,11
14,2,23,11
14,2,11,10
14,2,15,2
14,2,8,1
14,2,9,1
14,2,10,1
14,2,14,1
14,2,16,1
14,2,17,1
14,2,18,1
14,2,19,1
14,2,20,1
14,2,22,1
14,7,28,40
14,7,9,39
14,7,27,25
14,7,1,11
14,7,10,11
14,7,15,11
14,7,17,11
14,7,30,11
14,7,18,10
14,7,4,5
14,7,26,5
14,7,13,4
14,7,16,4
14,7,2,3
14,7,8,3
14,7,22,3
14,7,3,1
14,7,5,1
14,7,6,1
14,7,7,1
14,7,11,1
14,7,12,1
14,7,14,1
14,7,19,1
14,7,20,1
14,7,21,1
14,7,23,1
14,7,24,1
14,7,25,1
14,7,29,1
14,3,5,39
14,3,10,25
14,3,15,11
14,3,21,10
14,3,22,10
14,3,6,4
14,3,17,3
14,3,7,1
14,3,8,1
14,3,9,1
14,3,11,1
14,3,12,1
14,3,13,1
14,3,14,1
14,3,16,1
14,3,18,1
14,3,19,1
14,3,20,1
14,3,23,1
14,3,24,1
14,3,25,1
14,3,26,1
14,4,28,39
14,4,11,11
14,4,21,11
14,4,7,10
14,4,20,10
14,4,16,7
14,4,24,5
14,4,12,3
14,4,14,3
14,4,19,3
14,4,4,1
14,4,5,1
14,4,6,1
14,4,8,1
14,4,9,1
14,4,10,1
14,4,13,1
14,4,15,1
14,4,17,1
14,4,18,1
14,4,22,1
14,4,23,1
14,4,25,1
14,4,26,1
14,4,27,1
14,1,15,26
14,1,13,18
14,1,17,12
14,1,18,12
14,1,14,1
14,1,16,1
14,8,5,25
14,8,14,12
14,8,29,10
14,8,16,5
14,8,18,5
14,8,30,5
14,8,4,3
14,8,2,1
14,8,3,1
14,8,6,1
14,8,7,1
14,8,8,1
14,8,9,1
14,8,10,1
14,8,11,1
14,8,12,1
14,8,13,1
14,8,15,1
14,8,17,1
14,8,19,1
14,8,20,1
14,8,21,1
14,8,22,1
14,8,23,1
14,8,24,1
14,8,25,1
14,8,26,1
14,8,27,1
14,8,28,1
14,9,6,25
14,9,12,25
14,9,24,17
14,9,13,11
14,9,26,11
14,9,5,10
14,9,17,10
14,9,2,6
14,9,15,5
14,9,14,3
14,9,20,3
14,9,29,3
14,9,3,1
14,9,4,1
14,9,7,1
14,9,8,1
14,9,9,1
14,9,10,1
14,9,11,1
14,9,16,1
14,9,18,1
14,9,19,1
14,9,21,1
14,9,22,1
14,9,23,1
14,9,25,1
14,9,27,1
14,9,28,1
14,10,3,25
14,10,7,22
14,10,4,11
14,10,8,10
14,10,22,5
14,10,28,5
14,10,13,3
14,10,19,3
14,10,5,1
14,10,6,1
14,10,9,1
14,10,10,1
14,10,11,1
14,10,12,1
14,10,14,1
14,10,15,1
14,10,16,1
14,10,17,1
14,10,18,1
14,10,20,1
14,10,21,1
14,10,23,1
14,10,24,1
14,10,25,1
14,10,26,1
14,10,27,1
14,11,6,25
14,11,15,11
14,11,26,11
14,11,12,3
14,11,16,3
14,11,23,3
14,11,5,1
14,11,7,1
14,11,8,1
14,11,9,1
14,11,10,1
14,11,11,1
14,11,13,1
14,11,14,1
14,11,17,1
14,11,18,1
14,11,19,1
14,11,20,1
14,11,21,1
14,11,22,1
14,11,24,1
14,11,25,1
14,6,14,22
14,6,3,11
14,6,18,11
14,6,19,11
14,6,29,11
14,6,26,10
14,6,8,6
14,6,16,6
14,6,12,4
14,6,13,3
14,6,2,1
14,6,4,1
14,6,5,1
14,6,6,1
14,6,7,1
14,6,9,1
14,6,10,1
14,6,11,1
14,6,15,1
14,6,17,1
14,6,20,1
14,6,21,1
14,6,22,1
14,6,23,1
14,6,24,1
14,6,25,1
14,6,27,1
14,6,28,1
14,12,7,18
14,12,10,13
14,12,8,11
14,12,24,11
14,12,13,10
14,12,20,10
14,12,16,3
14,12,9,1
14,12,11,1
14,12,12,1
14,12,14,1
14,12,15,1
14,12,17,1
14,12,18,1
14,12,19,1
14,12,21,1
14,12,22,1
14,12,23,1
14,5,16,11
14,5,2,10
14,5,19,10
14,5,23,5
14,5,29,5
14,5,28,4
14,5,11,3
14,5,15,3
14,5,20,3
14,5,3,1
14,5,4,1
14,5,5,1
14,5,6,1
14,5,7,1
14,5,8,1
14,5,9,1
14,5,10,1
14,5,12,1
14,5,13,1
14,5,14,1
14,5,17,1
14,5,18,1
14,5,21,1
14,5,22,1
14,5,24,1
14,5,25,1
14,5,26,1
14,5,27,1
15,1,13,39
15,1,16,39
15,1,17,39
15,1,18,39
15,1,14,26
15,1,15,11
15,4,28,39
15,4,20,22
15,4,9,11
15,4,11,11
15,4,14,11
15,4,25,11
15,4,23,10
15,4,4,1
15,4,5,1
15,4,6,1
15,4,7,1
15,4,8,1
15,4,10,1
15,4,12,1
15,4,13,1
15,4,15,1
15,4,16,1
15,4,17,1
15,4,18,1
15,4,19,1
15,4,21,1
15,4,22,1
15,4,24,1
15,4,26,1
15,4,27,1
15,7,4,39
15,7,30,39
15,7,16,10
15,7,28,10
15,7,3,5
15,7,29,5
15,7,17,4
15,7,20,3
15,7,1,1
15,7,2,1
15,7,5,1
15,7,6,1
15,7,7,1
15,7,8,1
15,7,9,1
15,7,10,1
15,7,11,1
15,7,12,1
15,7,13,1
15,7,14,1
15,7,15,1
15,7,18,1
15,7,19,1
15,7,21,1
15,7,22,1
15,7,23,1
15,7,24,1
15,7,25,1
15,7,26,1
15,7,27,1
15,8,2,39
15,8,12,25
15,8,16,25
15,8,24,22
15,8,27,10
15,8,3,5
15,8,15,3
15,8,30,3
15,8,20,2
15,8,4,1
15,8,5,1
15,8,6,1
15,8,7,1
15,8,8,1
15,8,9,1
15,8,10,1
15,8,11,1
15,8,13,1
15,8,14,1
15,8,17,1
15,8,18,1
15,8,19,1
15,8,21,1
15,8,22,1
15,8,23,1
15,8,25,1
15,8,26,1
15,8,28,1
15,8,29,1
15,3,6,26
15,3,12,25
15,3,21,11
15,3,23,11
15,3,26,11
15,3,13,10
15,3,8,3
15,3,5,1
15,3,7,1
15,3,9,1
15,3,10,1
15,3,11,1
15,3,14,1
15,3,15,1
15,3,16,1
15,3,17,1
15,3,18,1
15,3,19,1
15,3,20,1
15,3,22,1
15,3,24,1
15,3,25,1
15,5,12,25
15,5,29,25
15,5,13,10
15,5,15,5
15,5,23,5
15,5,25,3
15,5,2,1
15,5,3,1
15,5,4,1
15,5,5,1
15,5,6,1
15,5,7,1
15,5,8,1
15,5,9,1
15,5,10,1
15,5,11,1
15,5,14,1
15,5,16,1
15,5,17,1
15,5,18,1
15,5,19,1
15,5,20,1
15,5,21,1
15,5,22,1
15,5,24,1
15,5,26,1
15,5,27,1
15,5,28,1
15,10,3,25
15,10,19,5
15,10,25,5
15,10,4,1
15,10,5,1
15,10,6,1
15,10,7,1
15,10,8,1
15,10,9,1
15,10,10,1
15,10,11,1
15,10,12,1
15,10,13,1
15,10,14,1
15,10,15,1
15,10,16,1
15,10,17,1
15,10,18,1
15,10,20,1
15,10,21,1
15,10,22,1
15,10,23,1
15,10,24,1
15,10,26,1
15,10,27,1
15,10,28,1
15,12,18,25
15,12,24,22
15,12,7,18
15,12,13,11
15,12,19,10
15,12,16,3
15,12,8,1
15,12,9,1
15,12,10,1
15,12,11,1
15,12,12,1
15,12,14,1
15,12,15,1
15,12,17,1
15,12,20,1
15,12,21,1
15,12,22,1
15,12,23,1
15,13,13,25
15,13,12,11
15,13,15,11
15,13,19,11
15,13,18,4
15,13,14,1
15,13,16,1
15,13,17,1
15,9,3,12
15,9,25,10
15,9,7,4
15,9,11,3
15,9,26,3
15,9,2,1
15,9,4,1
15,9,5,1
15,9,6,1
15,9,8,1
15,9,9,1
15,9,10,1
15,9,12,1
15,9,13,1
15,9,14,1
15,9,15,1
15,9,16,1
15,9,17,1
15,9,18,1
15,9,19,1
15,9,20,1
15,9,21,1
15,9,22,1
15,9,23,1
15,9,24,1
15,9,27,1
15,9,28,1
15,9,29,1
15,2,8,11
15,2,12,10
15,2,15,10
15,2,11,5
15,2,9,3
15,2,10,1
15,2,13,1
15,2,14,1
15,2,16,1
15,2,17,1
15,2,18,1
15,2,19,1
15,2,20,1
15,2,21,1
15,2,22,1
15,2,23,1
15,6,12,11
15,6,29,11
15,6,5,10
15,6,26,10
15,6,27,10
15,6,28,10
15,6,6,3
15,6,15,3
15,6,16,3
15,6,18,3
15,6,22,3
15,6,23,3
15,6,2,1
15,6,3,1
15,6,4,1
15,6,7,1
15,6,8,1
15,6,9,1
15,6,10,1
15,6,11,1
15,6,13,1
15,6,14,1
15,6,17,1
15,6,19,1
15,6,20,1
15,6,21,1
15,6,24,1
15,6,25,1
15,11,5,11
15,11,11,11
15,11,26,11
15,11,21,10
15,11,23,10
15,11,8,6
15,11,12,3
15,11,22,3
15,11,6,1
15,11,7,1
15,11,9,1
15,11,10,1
15,11,13,1
15,11,14,1
15,11,15,1
15,11,16,1
15,11,17,1
15,11,18,1
15,11,19,1
15,11,20,1
15,11,24,1
15,11,25,1
16,5,29,40
16,5,5,39
16,5,18,12
16,5,26,11
16,5,7,10
16,5,2,5
16,5,23,5
16,5,3,1
16,5,4,1
16,5,6,1
16,5,8,1
16,5,9,1
16,5,10,1
16,5,11,1
16,5,12,1
16,5,13,1
16,5,14,1
16,5,15,1
16,5,16,1
16,5,17,1
16,5,19,1
16,5,20,1
16,5,21,1
16,5,22,1
16,5,24,1
16,5,25,1
16,5,27,1
16,5,28,1
16,1,16,39
16,1,13,18
16,1,17,17
16,1,18,11
16,1,15,10
16,1,14,1
16,4,25,39
16,4,6,11
16,4,8,11
16,4,27,11
16,4,28,11
16,4,4,5
16,4,5,3
16,4,23,3
16,4,7,1
16,4,9,1
16,4,10,1
16,4,11,1
16,4,12,1
16,4,13,1
16,4,14,1
16,4,15,1
16,4,16,1
16,4,17,1
16,4,18,1
16,4,19,1
16,4,20,1
16,4,21,1
16,4,22,1
16,4,24,1
16,4,26,1
16,11,26,39
16,11,7,11
16,11,21,11
16,11,19,10
16,11,6,5
16,11,5,1
16,11,8,1
16,11,9,1
16,11,10,1
16,11,11,1
16,11,12,1
16,11,13,1
16,11,14,1
16,11,15,1
16,11,16,1
16,11,17,1
16,11,18,1
16,11,20,1
16,11,22,1
16,11,23,1
16,11,24,1
16,11,25,1
16,7,3,25
16,7,1,11
16,7,29,11
16,7,30,11
16,7,7,10
16,7,18,10
16,7,15,8
16,7,11,5
16,7,13,4
16,7,4,3
16,7,19,3
16,7,22,3
16,7,10,2
16,7,2,1
16,7,5,1
16,7,6,1
16,7,8,1
16,7,9,1
16,7,12,1
16,7,14,1
16,7,16,1
16,7,17,1
16,7,20,1
16,7,21,1
16,7,23,1
16,7,24,1
16,7,25,1
16,7,26,1
16,7,27,1
16,7,28,1
16,8,29,22
16,8,20,11
16,8,5,10
16,8,6,10
16,8,2,1
16,8,3,1
16,8,4,1
16,8,7,1
16,8,8,1
16,8,9,1
16,8,10,1
16,8,11,1
16,8,12,1
16,8,13,1
16,8,14,1
16,8,15,1
16,8,16,1
16,8,17,1
16,8,18,1
16,8,19,1
16,8,21,1
16,8,22,1
16,8,23,1
16,8,24,1
16,8,25,1
16,8,26,1
16,8,27,1
16,8,28,1
16,8,30,1
16,12,18,22
16,12,7,18
16,12,13,10
16,12,17,10
16,12,24,10
16,12,15,5
16,12,20,5
16,12,14,3
16,12,19,3
16,12,8,1
16,12,9,1
16,12,10,1
16,12,11,1
16,12,12,1
16,12,16,1
16,12,21,1
16,12,22,1
16,12,23,1
16,3,26,11
16,3,11,10
16,3,25,6
16,3,5,1
16,3,6,1
16,3,7,1
16,3,8,1
16,3,9,1
16,3,10,1
16,3,12,1
16,3,13,1
16,3,14,1
16,3,15,1
16,3,16,1
16,3,17,1
16,3,18,1
16,3,19,1
16,3,20,1
16,3,21,1
16,3,22,1
16,3,23,1
16,3,24,1
16,6,6,11
16,6,12,11
16,6,17,11
16,6,18,11
16,6,2,10
16,6,26,4
16,6,28,4
16,6,3,3
16,6,5,3
16,6,8,3
16,6,11,3
16,6,4,1
16,6,7,1
16,6,9,1
16,6,10,1
16,6,13,1
16,6,14,1
16,6,15,1
16,6,16,1
16,6,19,1
16,6,20,1
16,6,21,1
16,6,22,1
16,6,23,1
16,6,24,1
16,6,25,1
16,6,27,1
16,6,29,1
16,13,18,11
16,13,15,10
16,13,12,5
16,13,13,1
16,13,14,1
16,13,16,1
16,13,17,1
16,13,19,1
16,2,8,10
16,2,13,3
16,2,14,3
16,2,9,1
16,2,10,1
16,2,11,1
16,2,12,1
16,2,15,1
16,2,16,1
16,2,17,1
16,2,18,1
16,2,19,1
16,2,20,1
16,2,21,1
16,2,22,1
16,2,23,1
16,9,8,10
16,9,9,10
16,9,29,5
16,9,2,3
16,9,3,1
16,9,4,1
16,9,5,1
16,9,6,1
16,9,7,1
16,9,10,1
16,9,11,1
16,9,12,1
16,9,13,1
16,9,14,1
16,9,15,1
16,9,16,1
16,9,17,1
16,9,18,1
16,9,19,1
16,9,20,1
16,9,21,1
16,9,22,1
16,9,23,1
16,9,24,1
16,9,25,1
16,9,26,1
16,9,27,1
16,9,28,1
16,10,3,10
16,10,26,4
16,10,28,4
16,10,27,3
16,10,4,1
16,10,5,1
16,10,6,1
16,10,7,1
16,10,8,1
16,10,9,1
16,10,10,1
16,10,11,1
16,10,12,1
16,10,13,1
16,10,14,1
16,10,15,1
16,10,16,1
16,10,17,1
16,10,18,1
16,10,19,1
16,10,20,1
16,10,21,1
16,10,22,1
16,10,23,1
16,10,24,1
16,10,25,1
17,1,13,39
17,1,18,5
17,1,14,3
17,1,16,3
17,1,17,3
17,1,15,1
17,2,22,39
17,2,23,17
17,2,8,11
17,2,20,10
17,2,9,8
17,2,16,3
17,2,21,3
17,2,10,1
17,2,11,1
17,2,12,1
17,2,13,1
17,2,14,1
17,2,15,1
17,2,17,1
17,2,18,1
17,2,19,1
17,4,28,39
17,4,4,18
17,4,14,11
17,4,21,5
17,4,5,1
17,4,6,1
17,4,7,1
17,4,8,1
17,4,9,1
17,4,10,1
17,4,11,1
17,4,12,1
17,4,13,1
17,4,15,1
17,4,16,1
17,4,17,1
17,4,18,1
17,4,19,1
17,4,20,1
17,4,22,1
17,4,23,1
17,4,24,1
17,4,25,1
17,4,26,1
17,4,27,1
17,8,2,39
17,8,30,26
17,8,6,25
17,8,8,12
17,8,23,12
17,8,15,11
17,8,26,11
17,8,28,11
17,8,25,10
17,8,10,5
17,8,11,5
17,8,3,3
17,8,12,3
17,8,13,3
17,8,4,1
17,8,5,1
17,8,7,1
17,8,9,1
17,8,14,1
17,8,16,1
17,8,17,1
17,8,18,1
17,8,19,1
17,8,20,1
17,8,21,1
17,8,22,1
17,8,24,1
17,8,27,1
17,8,29,1
17,13,15,39
17,13,16,11
17,13,14,10
17,13,12,5
17,13,13,5
17,13,19,3
17,13,17,1
17,13,18,1
17,12,8,26
17,12,7,18
17,12,9,11
17,12,13,11
17,12,17,11
17,12,23,11
17,12,24,5
17,12,14,3
17,12,10,1
17,12,11,1
17,12,12,1
17,12,15,1
17,12,16,1
17,12,18,1
17,12,19,1
17,12,20,1
17,12,21,1
17,12,22,1
17,5,6,25
17,5,2,11
17,5,3,11
17,5,26,10
17,5,23,6
17,5,22,5
17,5,29,5
17,5,4,4
17,5,14,4
17,5,5,3
17,5,19,3
17,5,7,1
17,5,8,1
17,5,9,1
17,5,10,1
17,5,11,1
17,5,12,1
17,5,13,1
17,5,15,1
17,5,16,1
17,5,17,1
17,5,18,1
17,5,20,1
17,5,21,1
17,5,24,1
17,5,25,1
17,5,27,1
17,5,28,1
17,10,24,25
17,10,4,11
17,10,6,10
17,10,3,5
17,10,23,5
17,10,27,5
17,10,16,3
17,10,17,3
17,10,5,1
17,10,7,1
17,10,8,1
17,10,9,1
17,10,10,1
17,10,11,1
17,10,12,1
17,10,13,1
17,10,14,1
17,10,15,1
17,10,18,1
17,10,19,1
17,10,20,1
17,10,21,1
17,10,22,1
17,10,25,1
17,10,26,1
17,10,28,1
17,11,25,22
17,11,5,11
17,11,19,10
17,11,6,5
17,11,16,5
17,11,7,1
17,11,8,1
17,11,9,1
17,11,10,1
17,11,11,1
17,11,12,1
17,11,13,1
17,11,14,1
17,11,15,1
17,11,17,1
17,11,18,1
17,11,20,1
17,11,21,1
17,11,22,1
17,11,23,1
17,11,24,1
17,11,26,1
17,6,18,12
17,6,2,11
17,6,3,11
17,6,4,11
17,6,14,10
17,6,29,5
17,6,5,3
17,6,6,1
17,6,7,1
17,6,8,1
17,6,9,1
17,6,10,1
17,6,11,1
17,6,12,1
17,6,13,1
17,6,15,1
17,6,16,1
17,6,17,1
17,6,19,1
17,6,20,1
17,6,21,1
17,6,22,1
17,6,23,1
17,6,24,1
17,6,25,1
17,6,26,1
17,6,27,1
17,6,28,1
17,7,24,11
17,7,29,11
17,7,26,10
17,7,19,7
17,7,1,5
17,7,5,5
17,7,22,5
17,7,30,5
17,7,15,4
17,7,3,3
17,7,27,3
17,7,2,1
17,7,4,1
17,7,6,1
17,7,7,1
17,7,8,1
17,7,9,1
17,7,10,1
17,7,11,1
17,7,12,1
17,7,13,1
17,7,14,1
17,7,16,1
17,7,17,1
17,7,18,1
17,7,20,1
17,7,21,1
17,7,23,1
17,7,25,1
17,7,28,1
17,3,8,10
17,3,10,10
17,3,18,10
17,3,22,10
17,3,7,5
17,3,6,3
17,3,14,3
17,3,5,1
17,3,9,1
17,3,11,1
17,3,12,1
17,3,13,1
17,3,15,1
17,3,16,1
17,3,17,1
17,3,19,1
17,3,20,1
17,3,21,1
17,3,23,1
17,3,24,1
17,3,25,1
17,3,26,1
17,9,5,5
17,9,20,5
17,9,2,4
17,9,3,1
17,9,4,1
17,9,6,1
17,9,7,1
17,9,8,1
17,9,9,1
17,9,10,1
17,9,11,1
17,9,12,1
17,9,13,1
17,9,14,1
17,9,15,1
17,9,16,1
17,9,17,1
17,9,18,1
17,9,19,1
17,9,21,1
17,9,22,1
17,9,23,1
17,9,24,1
17,9,25,1
17,9,26,1
17,9,27,1
17,9,28,1
17,9,29,1
18,1,13,39
18,1,16,5
18,1,18,5
18,1,15,4
18,1,17,3
18,1,14,1
18,6,12,39
18,6,18,11
18,6,3,10
18,6,25,10
18,6,26,10
18,6,27,10
18,6,19,5
18,6,2,4
18,6,14,4
18,6,9,3
18,6,29,3
18,6,4,1
18,6,5,1
18,6,6,1
18,6,7,1
18,6,8,1
18,6,10,1
18,6,11,1
18,6,13,1
18,6,15,1
18,6,16,1
18,6,17,1
18,6,20,1
18,6,21,1
18,6,22,1
18,6,23,1
18,6,24,1
18,6,28,1
18,13,14,39
18,13,15,26
18,13,19,26
18,13,12,11
18,13,16,11
18,13,17,11
18,13,18,11
18,13,13,1
18,7,1,26
18,7,16,19
18,7,23,12
18,7,30,11
18,7,4,10
18,7,8,10
18,7,15,8
18,7,2,7
18,7,24,5
18,7,3,4
18,7,17,4
18,7,7,3
18,7,22,3
18,7,25,3
18,7,26,3
18,7,29,3
18,7,5,1
18,7,6,1
18,7,9,1
18,7,10,1
18,7,11,1
18,7,12,1
18,7,13,1
18,7,14,1
18,7,18,1
18,7,19,1
18,7,20,1
18,7,21,1
18,7,27,1
18,7,28,1
18,11,24,26
18,11,21,10
18,11,5,5
18,11,15,3
18,11,22,3
18,11,6,1
18,11,7,1
18,11,8,1
18,11,9,1
18,11,10,1
18,11,11,1
18,11,12,1
18,11,13,1
18,11,14,1
18,11,16,1
18,11,17,1
18,11,18,1
18,11,19,1
18,11,20,1
18,11,23,1
18,11,25,1
18,11,26,1
18,3,5,22
18,3,7,10
18,3,20,10
18,3,6,5
18,3,18,5
18,3,14,3
18,3,8,1
18,3,9,1
18,3,10,1
18,3,11,1
18,3,12,1
18,3,13,1
18,3,15,1
18,3,16,1
18,3,17,1
18,3,19,1
18,3,21,1
18,3,22,1
18,3,23,1
18,3,24,1
18,3,25,1
18,3,26,1
18,5,19,22
18,5,9,11
18,5,26,11
18,5,29,11
18,5,23,10
18,5,10,5
18,5,5,4
18,5,2,3
18,5,6,3
18,5,3,1
18,5,4,1
18,5,7,1
18,5,8,1
18,5,11,1
18,5,12,1
18,5,13,1
18,5,14,1
18,5,15,1
18,5,16,1
18,5,17,1
18,5,18,1
18,5,20,1
18,5,21,1
18,5,22,1
18,5,24,1
18,5,25,1
18,5,27,1
18,5,28,1
18,9,10,22
18,9,3,10
18,9,5,10
18,9,2,7
18,9,29,5
18,9,8,3
18,9,11,3
18,9,13,3
18,9,4,1
18,9,6,1
18,9,7,1
18,9,9,1
18,9,12,1
18,9,14,1
18,9,15,1
18,9,16,1
18,9,17,1
18,9,18,1
18,9,19,1
18,9,20,1
18,9,21,1
18,9,22,1
18,9,23,1
18,9,24,1
18,9,25,1
18,9,26,1
18,9,27,1
18,9,28,1
18,10,28,22
18,10,10,11
18,10,8,10
18,10,21,10
18,10,23,10
18,10,3,7
18,10,5,3
18,10,20,3
18,10,27,3
18,10,4,2
18,10,14,2
18,10,6,1
18,10,7,1
18,10,9,1
18,10,11,1
18,10,12,1
18,10,13,1
18,10,15,1
18,10,16,1
18,10,17,1
18,10,18,1
18,10,19,1
18,10,22,1
18,10,24,1
18,10,25,1
18,10,26,1
18,12,7,18
18,12,9,11
18,12,13,10
18,12,15,10
18,12,16,10
18,12,18,10
18,12,24,10
18,12,8,1
18,12,10,1
18,12,11,1
18,12,12,1
18,12,14,1
18,12,17,1
18,12,19,1
18,12,20,1
18,12,21,1
18,12,22,1
18,12,23,1
18,4,13,11
18,4,19,11
18,4,25,10
18,4,16,6
18,4,27,5
18,4,28,5
18,4,4,3
18,4,6,3
18,4,26,3
18,4,5,1
18,4,7,1
18,4,8,1
18,4,9,1
18,4,10,1
18,4,11,1
18,4,12,1
18,4,14,1
18,4,15,1
18,4,17,1
18,4,18,1
18,4,20,1
18,4,21,1
18,4,22,1
18,4,23,1
18,4,24,1
18,8,21,11
18,8,30,11
18,8,4,10
18,8,5,10
18,8,25,10
18,8,27,10
18,8,2,7
18,8,7,5
18,8,3,3
18,8,13,3
18,8,14,3
18,8,18,3
18,8,6,1
18,8,8,1
18,8,9,1
18,8,10,1
18,8,11,1
18,8,12,1
18,8,15,1
18,8,16,1
18,8,17,1
18,8,19,1
18,8,20,1
18,8,22,1
18,8,23,1
18,8,24,1
18,8,26,1
18,8,28,1
18,8,29,1
18,2,16,10
18,2,17,10
18,2,19,10
18,2,22,10
18,2,18,5
18,2,8,3
18,2,14,2
18,2,9,1
18,2,10,1
18,2,11,1
18,2,12,1
18,2,13,1
18,2,15,1
18,2,20,1
18,2,21,1
18,2,23,1
19,1,13,39
19,1,15,26
19,1,18,5
19,1,14,1
19,1,16,1
19,1,17,1
19,8,2,39
19,8,30,26
19,8,21,25
19,8,12,12
19,8,14,11
19,8,24,11
19,8,3,10
19,8,26,6
19,8,4,5
19,8,5,1
19,8,6,1
19,8,7,1
19,8,8,1
19,8,9,1
19,8,10,1
19,8,11,1
19,8,13,1
19,8,15,1
19,8,16,1
19,8,17,1
19,8,18,1
19,8,19,1
19,8,20,1
19,8,22,1
19,8,23,1
19,8,25,1
19,8,27,1
19,8,28,1
19,8,29,1
19,13,12,39
19,13,19,26
19,13,18,22
19,13,14,19
19,13,13,10
19,13,15,10
19,13,17,5
19,13,16,1
19,7,21,26
19,7,13,25
19,7,15,25
19,7,3,10
19,7,4,10
19,7,25,10
19,7,26,10
19,7,28,10
19,7,1,7
19,7,2,7
19,7,6,5
19,7,5,1
19,7,7,1
19,7,8,1
19,7,9,1
19,7,10,1
19,7,11,1
19,7,12,1
19,7,14,1
19,7,16,1
19,7,17,1
19,7,18,1
19,7,19,1
19,7,20,1
19,7,22,1
19,7,23,1
19,7,24,1
19,7,27,1
19,7,29,1
19,7,30,1
19,9,29,26
19,9,24,11
19,9,14,10
19,9,2,7
19,9,3,7
19,9,11,3
19,9,27,3
19,9,16,2
19,9,4,1
19,9,5,1
19,9,6,1
19,9,7,1
19,9,8,1
19,9,9,1
19,9,10,1
19,9,12,1
19,9,13,1
19,9,15,1
19,9,17,1
19,9,18,1
19,9,19,1
19,9,20,1
19,9,21,1
19,9,22,1
19,9,23,1
19,9,25,1
19,9,26,1
19,9,28,1
19,2,21,25
19,2,8,11
19,2,14,11
19,2,23,10
19,2,12,2
19,2,13,2
19,2,9,1
19,2,10,1
19,2,11,1
19,2,15,1
19,2,16,1
19,2,17,1
19,2,18,1
19,2,19,1
19,2,20,1
19,2,22,1
19,3,6,25
19,3,22,25
19,3,7,11
19,3,14,11
19,3,9,10
19,3,23,10
19,3,8,5
19,3,12,3
19,3,26,3
19,3,5,1
19,3,10,1
19,3,11,1
19,3,13,1
19,3,15,1
19,3,16,1
19,3,17,1
19,3,18,1
19,3,19,1
19,3,20,1
19,3,21,1
19,3,24,1
19,3,25,1
19,4,18,25
19,4,4,11
19,4,24,11
19,4,7,10
19,4,23,10
19,4,8,5
19,4,16,5
19,4,28,5
19,4,26,3
19,4,5,1
19,4,6,1
19,4,9,1
19,4,10,1
19,4,11,1
19,4,12,1
19,4,13,1
19,4,14,1
19,4,15,1
19,4,17,1
19,4,19,1
19,4,20,1
19,4,21,1
19,4,22,1
19,4,25,1
19,4,27,1
19,5,7,25
19,5,13,25
19,5,27,25
19,5,3,11
19,5,2,5
19,5,4,5
19,5,12,5
19,5,29,3
19,5,5,1
19,5,6,1
19,5,8,1
19,5,9,1
19,5,10,1
19,5,11,1
19,5,14,1
19,5,15,1
19,5,16,1
19,5,17,1
19,5,18,1
19,5,19,1
19,5,20,1
19,5,21,1
19,5,22,1
19,5,23,1
19,5,24,1
19,5,25,1
19,5,26,1
19,5,28,1
19,10,7,25
19,10,16,11
19,10,25,10
19,10,3,7
19,10,4,7
19,10,18,5
19,10,26,3
19,10,5,1
19,10,6,1
19,10,8,1
19,10,9,1
19,10,10,1
19,10,11,1
19,10,12,1
19,10,13,1
19,10,14,1
19,10,15,1
19,10,17,1
19,10,19,1
19,10,20,1
19,10,21,1
19,10,22,1
19,10,23,1
19,10,24,1
19,10,27,1
19,10,28,1
19,11,6,20
19,11,25,17
19,11,8,10
19,11,13,10
19,11,18,10
19,11,5,7
19,11,12,5
19,11,17,5
19,11,20,5
19,11,23,5
19,11,9,3
19,11,15,3
19,11,7,1
19,11,10,1
19,11,11,1
19,11,14,1
19,11,16,1
19,11,19,1
19,11,21,1
19,11,22,1
19,11,24,1
19,11,26,1
19,12,7,18
19,12,9,11
19,12,24,11
19,12,10,10
19,12,15,10
19,12,17,10
19,12,18,10
19,12,21,10
19,12,16,3
19,12,22,2
19,12,8,1
19,12,11,1
19,12,12,1
19,12,13,1
19,12,14,1
19,12,19,1
19,12,20,1
19,12,23,1
19,6,12,11
19,6,4,10
19,6,6,10
19,6,15,5
19,6,18,5
19,6,22,5
19,6,26,5
19,6,27,5
19,6,19,4
19,6,29,3
19,6,2,1
19,6,3,1
19,6,5,1
19,6,7,1
19,6,8,1
19,6,9,1
19,6,10,1
19,6,11,1
19,6,13,1
19,6,14,1
19,6,16,1
19,6,17,1
19,6,20,1
19,6,21,1
19,6,23,1
19,6,24,1
19,6,25,1
19,6,28,1
2,1,13,39
2,1,14,39
2,1,17,39
2,1,18,39
2,1,16,22
2,1,15,11
2,4,28,39
2,4,15,22
2,4,5,10
2,4,6,10
2,4,22,5
2,4,10,3
2,4,4,1
2,4,7,1
2,4,8,1
2,4,9,1
2,4,11,1
2,4,12,1
2,4,13,1
2,4,14,1
2,4,16,1
2,4,17,1
2,4,18,1
2,4,19,1
2,4,20,1
2,4,21,1
2,4,23,1
2,4,24,1
2,4,25,1
2,4,26,1
2,4,27,1
2,5,2,39
2,5,20,11
2,5,25,10
2,5,27,10
2,5,10,5
2,5,7,3
2,5,8,3
2,5,28,3
2,5,29,3
2,5,3,1
2,5,4,1
2,5,5,1
2,5,6,1
2,5,9,1
2,5,11,1
2,5,12,1
2,5,13,1
2,5,14,1
2,5,15,1
2,5,16,1
2,5,17,1
2,5,18,1
2,5,19,1
2,5,21,1
2,5,22,1
2,5,23,1
2,5,24,1
2,5,26,1
2,6,2,39
2,6,21,25
2,6,27,25
2,6,6,12
2,6,3,11
2,6,18,11
2,6,24,10
2,6,4,4
2,6,16,4
2,6,29,4
2,6,5,3
2,6,10,3
2,6,14,3
2,6,7,1
2,6,8,1
2,6,9,1
2,6,11,1
2,6,12,1
2,6,13,1
2,6,15,1
2,6,17,1
2,6,19,1
2,6,20,1
2,6,22,1
2,6,23,1
2,6,25,1
2,6,26,1
2,6,28,1
2,9,27,39
2,9,2,11
2,9,4,11
2,9,13,11
2,9,23,11
2,9,25,11
2,9,26,11
2,9,14,10
2,9,28,5
2,9,29,3
2,9,3,1
2,9,5,1
2,9,6,1
2,9,7,1
2,9,8,1
2,9,9,1
2,9,10,1
2,9,11,1
2,9,12,1
2,9,15,1
2,9,16,1
2,9,17,1
2,9,18,1
2,9,19,1
2,9,20,1
2,9,21,1
2,9,22,1
2,9,24,1
2,13,13,39
2,13,15,26
2,13,12,11
2,13,14,11
2,13,19,11
2,13,16,1
2,13,17,1
2,13,18,1
2,8,2,26
2,8,16,25
2,8,28,22
2,8,30,22
2,8,26,11
2,8,29,11
2,8,23,10
2,8,24,10
2,8,27,5
2,8,20,3
2,8,3,1
2,8,4,1
2,8,5,1
2,8,6,1
2,8,7,1
2,8,8,1
2,8,9,1
2,8,10,1
2,8,11,1
2,8,12,1
2,8,13,1
2,8,14,1
2,8,15,1
2,8,17,1
2,8,18,1
2,8,19,1
2,8,21,1
2,8,22,1
2,8,25,1
2,7,18,25
2,7,30,22
2,7,8,11
2,7,10,11
2,7,6,10
2,7,27,10
2,7,17,5
2,7,25,5
2,7,1,3
2,7,13,3
2,7,29,3
2,7,2,1
2,7,3,1
2,7,4,1
2,7,5,1
2,7,7,1
2,7,9,1
2,7,11,1
2,7,12,1
2,7,14,1
2,7,15,1
2,7,16,1
2,7,19,1
2,7,20,1
2,7,21,1
2,7,22,1
2,7,23,1
2,7,24,1
2,7,26,1
2,7,28,1
2,2,23,22
2,2,16,10
2,2,9,6
2,2,22,5
2,2,21,2
2,2,8,1
2,2,10,1
2,2,11,1
2,2,12,1
2,2,13,1
2,2,14,1
2,2,15,1
2,2,17,1
2,2,18,1
2,2,19,1
2,2,20,1
2,12,7,18
2,12,24,11
2,12,12,10
2,12,19,3
2,12,8,1
2,12,9,1
2,12,10,1
2,12,11,1
2,12,13,1
2,12,14,1
2,12,15,1
2,12,16,1
2,12,17,1
2,12,18,1
2,12,20,1
2,12,21,1
2,12,22,1
2,12,23,1
2,3,8,12
2,3,9,10
2,3,20,10
2,3,21,10
2,3,25,10
2,3,26,10
2,3,5,5
2,3,17,3
2,3,6,1
2,3,7,1
2,3,10,1
2,3,11,1
2,3,12,1
2,3,13,1
2,3,14,1
2,3,15,1
2,3,16,1
2,3,18,1
2,3,19,1
2,3,22,1
2,3,23,1
2,3,24,1
2,10,7,11
2,10,23,10
2,10,25,10
2,10,3,5
2,10,13,5
2,10,4,3
2,10,11,3
2,10,5,1
2,10,6,1
2,10,8,1
2,10,9,1
2,10,10,1
2,10,12,1
2,10,14,1
2,10,15,1
2,10,16,1
2,10,17,1
2,10,18,1
2,10,19,1
2,10,20,1
2,10,21,1
2,10,22,1
2,10,24,1
2,10,26,1
2,10,27,1
2,10,28,1
2,11,6,11
2,11,8,11
2,11,11,11
2,11,24,5
2,11,5,3
2,11,17,3
2,11,25,3
2,11,26,3
2,11,7,1
2,11,9,1
2,11,10,1
2,11,12,1
2,11,13,1
2,11,14,1
2,11,15,1
2,11,16,1
2,11,18,1
2,11,19,1
2,11,20,1
2,11,21,1
2,11,22,1
2,11,23,1
20,8,7,40
20,8,14,39
20,8,10,26
20,8,8,25
20,8,30,11
20,8,25,10
20,8,2,5
20,8,12,4
20,8,6,3
20,8,20,3
20,8,3,1
20,8,4,1
20,8,5,1
20,8,9,1
20,8,11,1
20,8,13,1
20,8,15,1
20,8,16,1
20,8,17,1
20,8,18,1
20,8,19,1
20,8,21,1
20,8,22,1
20,8,23,1
20,8,24,1
20,8,26,1
20,8,27,1
20,8,28,1
20,8,29,1
20,3,6,39
20,3,22,25
20,3,10,11
20,3,26,4
20,3,13,3
20,3,20,3
20,3,21,3
20,3,5,1
20,3,7,1
20,3,8,1
20,3,9,1
20,3,11,1
20,3,12,1
20,3,14,1
20,3,15,1
20,3,16,1
20,3,17,1
20,3,18,1
20,3,19,1
20,3,23,1
20,3,24,1
20,3,25,1
20,6,2,39
20,6,8,39
20,6,22,25
20,6,26,22
20,6,12,11
20,6,14,11
20,6,18,11
20,6,25,10
20,6,17,3
20,6,3,1
20,6,4,1
20,6,5,1
20,6,6,1
20,6,7,1
20,6,9,1
20,6,10,1
20,6,11,1
20,6,13,1
20,6,15,1
20,6,16,1
20,6,19,1
20,6,20,1
20,6,21,1
20,6,23,1
20,6,24,1
20,6,27,1
20,6,28,1
20,6,29,1
20,7,5,39
20,7,30,39
20,7,17,25
20,7,1,12
20,7,2,11
20,7,4,10
20,7,6,10
20,7,15,8
20,7,11,5
20,7,26,5
20,7,3,3
20,7,8,3
20,7,10,3
20,7,7,1
20,7,9,1
20,7,12,1
20,7,13,1
20,7,14,1
20,7,16,1
20,7,18,1
20,7,19,1
20,7,20,1
20,7,21,1
20,7,22,1
20,7,23,1
20,7,24,1
20,7,25,1
20,7,27,1
20,7,28,1
20,7,29,1
20,9,2,39
20,9,16,11
20,9,18,11
20,9,21,11
20,9,22,11
20,9,24,11
20,9,6,10
20,9,25,10
20,9,3,7
20,9,9,3
20,9,10,3
20,9,29,3
20,9,4,1
20,9,5,1
20,9,7,1
20,9,8,1
20,9,11,1
20,9,12,1
20,9,13,1
20,9,14,1
20,9,15,1
20,9,17,1
20,9,19,1
20,9,20,1
20,9,23,1
20,9,26,1
20,9,27,1
20,9,28,1
20,10,3,39
20,10,20,11
20,10,4,10
20,10,6,10
20,10,23,10
20,10,28,5
20,10,24,3
20,10,7,2
20,10,5,1
20,10,8,1
20,10,9,1
20,10,10,1
20,10,11,1
20,10,12,1
20,10,13,1
20,10,14,1
20,10,15,1
20,10,16,1
20,10,17,1
20,10,18,1
20,10,19,1
20,10,21,1
20,10,22,1
20,10,25,1
20,10,26,1
20,10,27,1
20,11,14,39
20,11,26,17
20,11,20,10
20,11,5,3
20,11,8,3
20,11,6,1
20,11,7,1
20,11,9,1
20,11,10,1
20,11,11,1
20,11,12,1
20,11,13,1
20,11,15,1
20,11,16,1
20,11,17,1
20,11,18,1
20,11,19,1
20,11,21,1
20,11,22,1
20,11,23,1
20,11,24,1
20,11,25,1
20,1,18,26
20,1,13,22
20,1,14,1
20,1,15,1
20,1,16,1
20,1,17,1
20,4,28,26
20,4,10,11
20,4,18,11
20,4,8,10
20,4,15,10
20,4,19,3
20,4,23,3
20,4,24,3
20,4,4,1
20,4,5,1
20,4,6,1
20,4,7,1
20,4,9,1
20,4,11,1
20,4,12,1
20,4,13,1
20,4,14,1
20,4,16,1
20,4,17,1
20,4,20,1
20,4,21,1
20,4,22,1
20,4,25,1
20,4,26,1
20,4,27,1
20,13,19,26
20,13,16,11
20,13,17,11
20,13,18,11
20,13,15,10
20,13,12,7
20,13,13,5
20,13,14,1
20,5,2,25
20,5,8,25
20,5,3,22
20,5,25,17
20,5,5,11
20,5,20,11
20,5,4,1
20,5,6,1
20,5,7,1
20,5,9,1
20,5,10,1
20,5,11,1
20,5,12,1
20,5,13,1
20,5,14,1
20,5,15,1
20,5,16,1
20,5,17,1
20,5,18,1
20,5,19,1
20,5,21,1
20,5,22,1
20,5,23,1
20,5,24,1
20,5,26,1
20,5,27,1
20,5,28,1
20,5,29,1
20,12,8,25
20,12,9,25
20,12,17,11
20,12,24,11
20,12,11,10
20,12,13,10
20,12,7,5
20,12,16,5
20,12,10,3
20,12,12,1
20,12,14,1
20,12,15,1
20,12,18,1
20,12,19,1
20,12,20,1
20,12,21,1
20,12,22,1
20,12,23,1
20,2,13,19
20,2,8,11
20,2,16,11
20,2,23,4
20,2,18,2
20,2,9,1
20,2,10,1
20,2,11,1
20,2,12,1
20,2,14,1
20,2,15,1
20,2,17,1
20,2,19,1
20,2,20,1
20,2,21,1
20,2,22,1
21,1,13,39
21,1,15,25
21,1,18,12
21,1,14,2
21,1,16,1
21,1,17,1
21,2,22,39
21,2,10,3
21,2,21,3
21,2,23,3
21,2,8,1
21,2,9,1
21,2,11,1
21,2,12,1
21,2,13,1
21,2,14,1
21,2,15,1
21,2,16,1
21,2,17,1
21,2,18,1
21,2,19,1
21,2,20,1
21,8,2,39
21,8,3,25
21,8,4,25
21,8,22,25
21,8,30,25
21,8,26,10
21,8,8,5
21,8,7,3
21,8,16,3
21,8,23,3
21,8,5,1
21,8,6,1
21,8,9,1
21,8,10,1
21,8,11,1
21,8,12,1
21,8,13,1
21,8,14,1
21,8,15,1
21,8,17,1
21,8,18,1
21,8,19,1
21,8,20,1
21,8,21,1
21,8,24,1
21,8,25,1
21,8,27,1
21,8,28,1
21,8,29,1
21,11,26,39
21,11,16,22
21,11,5,7
21,11,6,7
21,11,7,4
21,11,8,1
21,11,9,1
21,11,10,1
21,11,11,1
21,11,12,1
21,11,13,1
21,11,14,1
21,11,15,1
21,11,17,1
21,11,18,1
21,11,19,1
21,11,20,1
21,11,21,1
21,11,22,1
21,11,23,1
21,11,24,1
21,11,25,1
21,12,24,39
21,12,12,25
21,12,8,22
21,12,23,22
21,12,7,18
21,12,9,11
21,12,15,10
21,12,10,3
21,12,11,1
21,12,13,1
21,12,14,1
21,12,16,1
21,12,17,1
21,12,18,1
21,12,19,1
21,12,20,1
21,12,21,1
21,12,22,1
21,6,8,25
21,6,9,25
21,6,15,25
21,6,18,12
21,6,12,11
21,6,23,11
21,6,6,10
21,6,26,10
21,6,2,7
21,6,17,5
21,6,3,3
21,6,4,3
21,6,5,3
21,6,21,3
21,6,7,1
21,6,10,1
21,6,11,1
21,6,13,1
21,6,14,1
21,6,16,1
21,6,19,1
21,6,20,1
21,6,22,1
21,6,24,1
21,6,25,1
21,6,27,1
21,6,28,1
21,6,29,1
21,7,12,25
21,7,3,10
21,7,14,8
21,7,1,7
21,7,2,7
21,7,30,4
21,7,4,3
21,7,7,3
21,7,17,3
21,7,27,3
21,7,5,1
21,7,6,1
21,7,8,1
21,7,9,1
21,7,10,1
21,7,11,1
21,7,13,1
21,7,15,1
21,7,16,1
21,7,18,1
21,7,19,1
21,7,20,1
21,7,21,1
21,7,22,1
21,7,23,1
21,7,24,1
21,7,25,1
21,7,26,1
21,7,28,1
21,7,29,1
21,9,4,25
21,9,9,25
21,9,18,11
21,9,2,10
21,9,5,10
21,9,15,10
21,9,26,10
21,9,3,7
21,9,19,5
21,9,25,5
21,9,6,3
21,9,12,3
21,9,24,3
21,9,7,1
21,9,8,1
21,9,10,1
21,9,11,1
21,9,13,1
21,9,14,1
21,9,16,1
21,9,17,1
21,9,20,1
21,9,21,1
21,9,22,1
21,9,23,1
21,9,27,1
21,9,28,1
21,9,29,1
21,10,6,25
21,10,21,25
21,10,5,11
21,10,13,11
21,10,12,10
21,10,26,10
21,10,3,7
21,10,4,7
21,10,27,6
21,10,11,3
21,10,24,3
21,10,7,1
21,10,8,1
21,10,9,1
21,10,10,1
21,10,14,1
21,10,15,1
21,10,16,1
21,10,17,1
21,10,18,1
21,10,19,1
21,10,20,1
21,10,22,1
21,10,23,1
21,10,25,1
21,10,28,1
21,3,9,22
21,3,16,22
21,3,10,20
21,3,20,10
21,3,26,10
21,3,25,5
21,3,11,3
21,3,22,2
21,3,5,1
21,3,6,1
21,3,7,1
21,3,8,1
21,3,12,1
21,3,13,1
21,3,14,1
21,3,15,1
21,3,17,1
21,3,18,1
21,3,19,1
21,3,21,1
21,3,23,1
21,3,24,1
21,4,4,12
21,4,5,10
21,4,26,10
21,4,28,6
21,4,20,3
21,4,6,1
21,4,7,1
21,4,8,1
21,4,9,1
21,4,10,1
21,4,11,1
21,4,12,1
21,4,13,1
21,4,14,1
21,4,15,1
21,4,16,1
21,4,17,1
21,4,18,1
21,4,19,1
21,4,21,1
21,4,22,1
21,4,23,1
21,4,24,1
21,4,25,1
21,4,27,1
21,5,3,11
21,5,29,11
21,5,2,10
21,5,26,10
21,5,28,10
21,5,11,3
21,5,25,3
21,5,4,1
21,5,5,1
21,5,6,1
21,5,7,1
21,5,8,1
21,5,9,1
21,5,10,1
21,5,12,1
21,5,13,1
21,5,14,1
21,5,15,1
21,5,16,1
21,5,17,1
21,5,18,1
21,5,19,1
21,5,20,1
21,5,21,1
21,5,22,1
21,5,23,1
21,5,24,1
21,5,27,1
21,13,15,11
21,13,12,1
21,13,13,1
21,13,14,1
21,13,16,1
21,13,17,1
21,13,18,1
21,13,19,1
22,1,13,39
22,1,18,39
22,1,15,26
22,1,16,12
22,1,14,1
22,1,17,1
22,2,23,39
22,2,13,11
22,2,12,10
22,2,19,5
22,2,10,3
22,2,8,1
22,2,9,1
22,2,11,1
22,2,14,1
22,2,15,1
22,2,16,1
22,2,17,1
22,2,18,1
22,2,20,1
22,2,21,1
22,2,22,1
22,5,2,39
22,5,13,39
22,5,25,39
22,5,11,11
22,5,29,11
22,5,5,10
22,5,12,5
22,5,23,5
22,5,3,3
22,5,4,1
22,5,6,1
22,5,7,1
22,5,8,1
22,5,9,1
22,5,10,1
22,5,14,1
22,5,15,1
22,5,16,1
22,5,17,1
22,5,18,1
22,5,19,1
22,5,20,1
22,5,21,1
22,5,22,1
22,5,24,1
22,5,26,1
22,5,27,1
22,5,28,1
22,6,14,39
22,6,3,25
22,6,9,25
22,6,16,25
22,6,2,11
22,6,12,11
22,6,13,11
22,6,18,11
22,6,28,11
22,6,29,11
22,6,27,10
22,6,26,5
22,6,4,3
22,6,15,3
22,6,19,3
22,6,24,3
22,6,5,1
22,6,6,1
22,6,7,1
22,6,8,1
22,6,10,1
22,6,11,1
22,6,17,1
22,6,20,1
22,6,21,1
22,6,22,1
22,6,23,1
22,6,25,1
22,9,2,39
22,9,4,25
22,9,16,25
22,9,20,12
22,9,9,11
22,9,17,11
22,9,29,11
22,9,3,5
22,9,11,4
22,9,6,3
22,9,12,3
22,9,15,3
22,9,5,1
22,9,7,1
22,9,8,1
22,9,10,1
22,9,13,1
22,9,14,1
22,9,18,1
22,9,19,1
22,9,21,1
22,9,22,1
22,9,23,1
22,9,24,1
22,9,25,1
22,9,26,1
22,9,27,1
22,9,28,1
22,12,8,39
22,12,24,39
22,12,7,18
22,12,19,10
22,12,10,5
22,12,16,5
22,12,21,3
22,12,9,1
22,12,11,1
22,12,12,1
22,12,13,1
22,12,14,1
22,12,15,1
22,12,17,1
22,12,18,1
22,12,20,1
22,12,22,1
22,12,23,1
22,7,1,26
22,7,4,25
22,7,3,22
22,7,14,11
22,7,30,11
22,7,5,10
22,7,2,5
22,7,18,5
22,7,9,3
22,7,6,1
22,7,7,1
22,7,8,1
22,7,10,1
22,7,11,1
22,7,12,1
22,7,13,1
22,7,15,1
22,7,16,1
22,7,17,1
22,7,19,1
22,7,20,1
22,7,21,1
22,7,22,1
22,7,23,1
22,7,24,1
22,7,25,1
22,7,26,1
22,7,27,1
22,7,28,1
22,7,29,1
22,10,9,25
22,10,13,25
22,10,23,25
22,10,4,11
22,10,3,7
22,10,24,6
22,10,6,3
22,10,5,1
22,10,7,1
22,10,8,1
22,10,10,1
22,10,11,1
22,10,12,1
22,10,14,1
22,10,15,1
22,10,16,1
22,10,17,1
22,10,18,1
22,10,19,1
22,10,20,1
22,10,21,1
22,10,22,1
22,10,25,1
22,10,26,1
22,10,27,1
22,10,28,1
22,11,14,25
22,11,5,11
22,11,6,11
22,11,17,11
22,11,25,11
22,11,26,11
22,11,16,3
22,11,7,1
22,11,8,1
22,11,9,1
22,11,10,1
22,11,11,1
22,11,12,1
22,11,13,1
22,11,15,1
22,11,18,1
22,11,19,1
22,11,20,1
22,11,21,1
22,11,22,1
22,11,23,1
22,11,24,1
22,13,13,25
22,13,15,20
22,13,18,12
22,13,16,11
22,13,12,3
22,13,14,1
22,13,17,1
22,13,19,1
22,3,8,22
22,3,26,20
22,3,25,11
22,3,6,10
22,3,12,10
22,3,13,10
22,3,5,5
22,3,7,3
22,3,14,3
22,3,20,3
22,3,24,3
22,3,9,1
22,3,10,1
22,3,11,1
22,3,15,1
22,3,16,1
22,3,17,1
22,3,18,1
22,3,19,1
22,3,21,1
22,3,22,1
22,3,23,1
22,4,28,12
22,4,9,11
22,4,4,10
22,4,7,10
22,4,22,10
22,4,10,7
22,4,8,5
22,4,19,5
22,4,20,5
22,4,5,3
22,4,15,3
22,4,23,3
22,4,24,3
22,4,6,1
22,4,11,1
22,4,12,1
22,4,13,1
22,4,14,1
22,4,16,1
22,4,17,1
22,4,18,1
22,4,21,1
22,4,25,1
22,4,26,1
22,4,27,1
22,8,16,11
22,8,26,11
22,8,30,11
22,8,2,7
22,8,3,5
22,8,20,5
22,8,19,3
22,8,4,1
22,8,5,1
22,8,6,1
22,8,7,1
22,8,8,1
22,8,9,1
22,8,10,1
22,8,11,1
22,8,12,1
22,8,13,1
22,8,14,1
22,8,15,1
22,8,17,1
22,8,18,1
22,8,21,1
22,8,22,1
22,8,23,1
22,8,24,1
22,8,25,1
22,8,27,1
22,8,28,1
22,8,29,1
23,1,13,39
23,1,18,39
23,1,15,11
23,1,17,11
23,1,14,1
23,1,16,1
23,4,28,39
23,4,26,20
23,4,6,10
23,4,4,5
23,4,16,4
23,4,5,1
23,4,7,1
23,4,8,1
23,4,9,1
23,4,10,1
23,4,11,1
23,4,12,1
23,4,13,1
23,4,14,1
23,4,15,1
23,4,17,1
23,4,18,1
23,4,19,1
23,4,20,1
23,4,21,1
23,4,22,1
23,4,23,1
23,4,24,1
23,4,25,1
23,4,27,1
23,9,3,39
23,9,2,17
23,9,11,5
23,9,12,3
23,9,4,1
23,9,5,1
23,9,6,1
23,9,7,1
23,9,8,1
23,9,9,1
23,9,10,1
23,9,13,1
23,9,14,1
23,9,15,1
23,9,16,1
23,9,17,1
23,9,18,1
23,9,19,1
23,9,20,1
23,9,21,1
23,9,22,1
23,9,23,1
23,9,24,1
23,9,25,1
23,9,26,1
23,9,27,1
23,9,28,1
23,9,29,1
23,10,3,39
23,10,9,39
23,10,28,39
23,10,27,22
23,10,4,11
23,10,14,11
23,10,21,7
23,10,11,6
23,10,23,6
23,10,15,5
23,10,20,5
23,10,25,5
23,10,5,1
23,10,6,1
23,10,7,1
23,10,8,1
23,10,10,1
23,10,12,1
23,10,13,1
23,10,16,1
23,10,17,1
23,10,18,1
23,10,19,1
23,10,22,1
23,10,24,1
23,10,26,1
23,11,24,39
23,11,14,25
23,11,26,11
23,11,9,10
23,11,23,10
23,11,8,5
23,11,5,1
23,11,6,1
23,11,7,1
23,11,10,1
23,11,11,1
23,11,12,1
23,11,13,1
23,11,15,1
23,11,16,1
23,11,17,1
23,11,18,1
23,11,19,1
23,11,20,1
23,11,21,1
23,11,22,1
23,11,25,1
23,13,17,39
23,13,12,11
23,13,19,11
23,13,15,10
23,13,13,1
23,13,14,1
23,13,16,1
23,13,18,1
23,8,30,26
23,8,16,25
23,8,12,10
23,8,27,10
23,8,20,7
23,8,2,5
23,8,11,5
23,8,3,3
23,8,17,3
23,8,4,1
23,8,5,1
23,8,6,1
23,8,7,1
23,8,8,1
23,8,9,1
23,8,10,1
23,8,13,1
23,8,14,1
23,8,15,1
23,8,18,1
23,8,19,1
23,8,21,1
23,8,22,1
23,8,23,1
23,8,24,1
23,8,25,1
23,8,26,1
23,8,28,1
23,8,29,1
23,12,8,25
23,12,7,18
23,12,14,11
23,12,24,11
23,12,11,10
23,12,13,10
23,12,16,10
23,12,19,10
23,12,9,5
23,12,18,3
23,12,10,1
23,12,12,1
23,12,15,1
23,12,17,1
23,12,20,1
23,12,21,1
23,12,22,1
23,12,23,1
23,3,15,22
23,3,24,11
23,3,8,10
23,3,10,10
23,3,5,5
23,3,16,3
23,3,21,3
23,3,26,3
23,3,6,1
23,3,7,1
23,3,9,1
23,3,11,1
23,3,12,1
23,3,13,1
23,3,14,1
23,3,17,1
23,3,18,1
23,3,19,1
23,3,20,1
23,3,22,1
23,3,23,1
23,3,25,1
23,5,7,17
23,5,18,12
23,5,29,11
23,5,6,10
23,5,24,10
23,5,2,1
23,5,3,1
23,5,4,1
23,5,5,1
23,5,8,1
23,5,9,1
23,5,10,1
23,5,11,1
23,5,12,1
23,5,13,1
23,5,14,1
23,5,15,1
23,5,16,1
23,5,17,1
23,5,19,1
23,5,20,1
23,5,21,1
23,5,22,1
23,5,23,1
23,5,25,1
23,5,26,1
23,5,27,1
23,5,28,1
23,7,17,12
23,7,21,11
23,7,6,5
23,7,30,5
23,7,15,3
23,7,23,3
23,7,29,3
23,7,1,1
23,7,2,1
23,7,3,1
23,7,4,1
23,7,5,1
23,7,7,1
23,7,8,1
23,7,9,1
23,7,10,1
23,7,11,1
23,7,12,1
23,7,13,1
23,7,14,1
23,7,16,1
23,7,18,1
23,7,19,1
23,7,20,1
23,7,22,1
23,7,24,1
23,7,25,1
23,7,26,1
23,7,27,1
23,7,28,1
23,2,15,10
23,2,9,3
23,2,14,3
23,2,16,3
23,2,22,3
23,2,8,1
23,2,10,1
23,2,11,1
23,2,12,1
23,2,13,1
23,2,17,1
23,2,18,1
23,2,19,1
23,2,20,1
23,2,21,1
23,2,23,1
23,6,6,10
23,6,8,4
23,6,12,4
23,6,18,4
23,6,2,3
23,6,21,3
23,6,29,2
23,6,3,1
23,6,4,1
23,6,5,1
23,6,7,1
23,6,9,1
23,6,10,1
23,6,11,1
23,6,13,1
23,6,14,1
23,6,15,1
23,6,16,1
23,6,17,1
23,6,19,1
23,6,20,1
23,6,22,1
23,6,23,1
23,6,24,1
23,6,25,1
23,6,26,1
23,6,27,1
23,6,28,1
24,2,10,40
24,2,14,26
24,2,18,10
24,2,19,10
24,2,9,3
24,2,22,3
24,2,8,1
24,2,11,1
24,2,12,1
24,2,13,1
24,2,15,1
24,2,16,1
24,2,17,1
24,2,20,1
24,2,21,1
24,2,23,1
24,8,19,39
24,8,30,39
24,8,8,12
24,8,2,11
24,8,23,11
24,8,3,10
24,8,5,10
24,8,15,10
24,8,25,10
24,8,9,3
24,8,16,2
24,8,4,1
24,8,6,1
24,8,7,1
24,8,10,1
24,8,11,1
24,8,12,1
24,8,13,1
24,8,14,1
24,8,17,1
24,8,18,1
24,8,20,1
24,8,21,1
24,8,22,1
24,8,24,1
24,8,26,1
24,8,27,1
24,8,28,1
24,8,29,1
24,9,2,39
24,9,29,39
24,9,3,25
24,9,20,22
24,9,22,11
24,9,28,11
24,9,18,10
24,9,25,10
24,9,27,10
24,9,21,3
24,9,9,2
24,9,4,1
24,9,5,1
24,9,6,1
24,9,7,1
24,9,8,1
24,9,10,1
24,9,11,1
24,9,12,1
24,9,13,1
24,9,14,1
24,9,15,1
24,9,16,1
24,9,17,1
24,9,19,1
24,9,23,1
24,9,24,1
24,9,26,1
24,11,19,39
24,11,25,11
24,11,22,10
24,11,23,10
24,11,26,10
24,11,11,4
24,11,5,3
24,11,6,3
24,11,7,1
24,11,8,1
24,11,9,1
24,11,10,1
24,11,12,1
24,11,13,1
24,11,14,1
24,11,15,1
24,11,16,1
24,11,17,1
24,11,18,1
24,11,20,1
24,11,21,1
24,11,24,1
24,4,6,25
24,4,28,18
24,4,5,11
24,4,22,5
24,4,26,5
24,4,24,3
24,4,4,1
24,4,7,1
24,4,8,1
24,4,9,1
24,4,10,1
24,4,11,1
24,4,12,1
24,4,13,1
24,4,14,1
24,4,15,1
24,4,16,1
24,4,17,1
24,4,18,1
24,4,19,1
24,4,20,1
24,4,21,1
24,4,23,1
24,4,25,1
24,4,27,1
24,12,17,25
24,12,9,11
24,12,10,11
24,12,20,11
24,12,18,10
24,12,19,10
24,12,7,8
24,12,8,5
24,12,12,5
24,12,13,3
24,12,24,3
24,12,11,1
24,12,14,1
24,12,15,1
24,12,16,1
24,12,21,1
24,12,22,1
24,12,23,1
24,5,22,22
24,5,8,11
24,5,10,11
24,5,29,11
24,5,2,6
24,5,5,3
24,5,3,1
24,5,4,1
24,5,6,1
24,5,7,1
24,5,9,1
24,5,11,1
24,5,12,1
24,5,13,1
24,5,14,1
24,5,15,1
24,5,16,1
24,5,17,1
24,5,18,1
24,5,19,1
24,5,20,1
24,5,21,1
24,5,23,1
24,5,24,1
24,5,25,1
24,5,26,1
24,5,27,1
24,5,28,1
24,1,15,20
24,1,18,20
24,1,13,18
24,1,16,11
24,1,17,11
24,1,14,1
24,7,13,12
24,7,17,11
24,7,3,10
24,7,23,10
24,7,29,10
24,7,16,5
24,7,20,5
24,7,30,5
24,7,1,3
24,7,2,3
24,7,24,3
24,7,4,1
24,7,5,1
24,7,6,1
24,7,7,1
24,7,8,1
24,7,9,1
24,7,10,1
24,7,11,1
24,7,12,1
24,7,14,1
24,7,15,1
24,7,18,1
24,7,19,1
24,7,21,1
24,7,22,1
24,7,25,1
24,7,26,1
24,7,27,1
24,7,28,1
24,6,18,11
24,6,12,4
24,6,22,4
24,6,9,3
24,6,10,3
24,6,13,3
24,6,29,3
24,6,11,2
24,6,2,1
24,6,3,1
24,6,4,1
24,6,5,1
24,6,6,1
24,6,7,1
24,6,8,1
24,6,14,1
24,6,15,1
24,6,16,1
24,6,17,1
24,6,19,1
24,6,20,1
24,6,21,1
24,6,23,1
24,6,24,1
24,6,25,1
24,6,26,1
24,6,27,1
24,6,28,1
24,10,4,11
24,10,9,10
24,10,3,7
24,10,7,5
24,10,28,5
24,10,24,4
24,10,25,4
24,10,27,3
24,10,5,1
24,10,6,1
24,10,8,1
24,10,10,1
24,10,11,1
24,10,12,1
24,10,13,1
24,10,14,1
24,10,15,1
24,10,16,1
24,10,17,1
24,10,18,1
24,10,19,1
24,10,20,1
24,10,21,1
24,10,22,1
24,10,23,1
24,10,26,1
24,13,18,11
24,13,19,11
24,13,15,10
24,13,12,5
24,13,14,5
24,13,13,3
24,13,16,1
24,13,17,1
24,3,12,10
24,3,25,10
24,3,5,3
24,3,8,3
24,3,6,1
24,3,7,1
24,3,9,1
24,3,10,1
24,3,11,1
24,3,13,1
24,3,14,1
24,3,15,1
24,3,16,1
24,3,17,1
24,3,18,1
24,3,19,1
24,3,20,1
24,3,21,1
24,3,22,1
24,3,23,1
24,3,24,1
24,3,26,1
25,3,7,39
25,3,21,10
25,3,5,5
25,3,6,3
25,3,18,3
25,3,20,3
25,3,8,1
25,3,9,1
25,3,10,1
25,3,11,1
25,3,12,1
25,3,13,1
25,3,14,1
25,3,15,1
25,3,16,1
25,3,17,1
25,3,19,1
25,3,22,1
25,3,23,1
25,3,24,1
25,3,25,1
25,3,26,1
25,7,1,39
25,7,16,17
25,7,5,3
25,7,9,3
25,7,14,3
25,7,2,1
25,7,3,1
25,7,4,1
25,7,6,1
25,7,7,1
25,7,8,1
25,7,10,1
25,7,11,1
25,7,12,1
25,7,13,1
25,7,15,1
25,7,17,1
25,7,18,1
25,7,19,1
25,7,20,1
25,7,21,1
25,7,22,1
25,7,23,1
25,7,24,1
25,7,25,1
25,7,26,1
25,7,27,1
25,7,28,1
25,7,29,1
25,7,30,1
25,9,2,39
25,9,9,11
25,9,4,10
25,9,5,10
25,9,17,10
25,9,27,10
25,9,3,5
25,9,15,5
25,9,7,3
25,9,6,1
25,9,8,1
25,9,10,1
25,9,11,1
25,9,12,1
25,9,13,1
25,9,14,1
25,9,16,1
25,9,18,1
25,9,19,1
25,9,20,1
25,9,21,1
25,9,22,1
25,9,23,1
25,9,24,1
25,9,25,1
25,9,26,1
25,9,28,1
25,9,29,1
25,10,3,39
25,10,4,39
25,10,10,10
25,10,24,10
25,10,28,10
25,10,17,5
25,10,20,5
25,10,23,5
25,10,8,3
25,10,5,1
25,10,6,1
25,10,7,1
25,10,9,1
25,10,11,1
25,10,12,1
25,10,13,1
25,10,14,1
25,10,15,1
25,10,16,1
25,10,18,1
25,10,19,1
25,10,21,1
25,10,22,1
25,10,25,1
25,10,26,1
25,10,27,1
25,11,5,39
25,11,17,10
25,11,18,5
25,11,19,5
25,11,6,1
25,11,7,1
25,11,8,1
25,11,9,1
25,11,10,1
25,11,11,1
25,11,12,1
25,11,13,1
25,11,14,1
25,11,15,1
25,11,16,1
25,11,20,1
25,11,21,1
25,11,22,1
25,11,23,1
25,11,24,1
25,11,25,1
25,11,26,1
25,2,21,25
25,2,10,4
25,2,23,4
25,2,8,1
25,2,9,1
25,2,11,1
25,2,12,1
25,2,13,1
25,2,14,1
25,2,15,1
25,2,16,1
25,2,17,1
25,2,18,1
25,2,19,1
25,2,20,1
25,2,22,1
25,4,26,25
25,4,9,22
25,4,25,10
25,4,28,6
25,4,10,5
25,4,18,4
25,4,22,3
25,4,27,3
25,4,4,1
25,4,5,1
25,4,6,1
25,4,7,1
25,4,8,1
25,4,11,1
25,4,12,1
25,4,13,1
25,4,14,1
25,4,15,1
25,4,16,1
25,4,17,1
25,4,19,1
25,4,20,1
25,4,21,1
25,4,23,1
25,4,24,1
25,13,13,25
25,13,14,11
25,13,15,10
25,13,12,1
25,13,16,1
25,13,17,1
25,13,18,1
25,13,19,1
25,1,13,22
25,1,14,1
25,1,15,1
25,1,16,1
25,1,17,1
25,1,18,1
25,6,29,22
25,6,2,12
25,6,12,11
25,6,11,5
25,6,18,5
25,6,3,1
25,6,4,1
25,6,5,1
25,6,6,1
25,6,7,1
25,6,8,1
25,6,9,1
25,6,10,1
25,6,13,1
25,6,14,1
25,6,15,1
25,6,16,1
25,6,17,1
25,6,19,1
25,6,20,1
25,6,21,1
25,6,22,1
25,6,23,1
25,6,24,1
25,6,25,1
25,6,26,1
25,6,27,1
25,6,28,1
25,8,2,22
25,8,20,11
25,8,26,11
25,8,5,10
25,8,22,10
25,8,25,3
25,8,3,1
25,8,4,1
25,8,6,1
25,8,7,1
25,8,8,1
25,8,9,1
25,8,10,1
25,8,11,1
25,8,12,1
25,8,13,1
25,8,14,1
25,8,15,1
25,8,16,1
25,8,17,1
25,8,18,1
25,8,19,1
25,8,21,1
25,8,23,1
25,8,24,1
25,8,27,1
25,8,28,1
25,8,29,1
25,8,30,1
25,12,7,18
25,12,12,10
25,12,8,1
25,12,9,1
25,12,10,1
25,12,11,1
25,12,13,1
25,12,14,1
25,12,15,1
25,12,16,1
25,12,17,1
25,12,18,1
25,12,19,1
25,12,20,1
25,12,21,1
25,12,22,1
25,12,23,1
25,12,24,1
25,5,16,11
25,5,23,10
25,5,14,3
25,5,29,3
25,5,3,2
25,5,2,1
25,5,4,1
25,5,5,1
25,5,6,1
25,5,7,1
25,5,8,1
25,5,9,1
25,5,10,1
25,5,11,1
25,5,12,1
25,5,13,1
25,5,15,1
25,5,17,1
25,5,18,1
25,5,19,1
25,5,20,1
25,5,21,1
25,5,22,1
25,5,24,1
25,5,25,1
25,5,26,1
25,5,27,1
25,5,28,1
3,1,17,39
3,1,13,22
3,1,15,10
3,1,16,10
3,1,18,10
3,1,14,5
3,2,9,39
3,2,12,25
3,2,8,22
3,2,17,10
3,2,18,10
3,2,21,10
3,2,14,5
3,2,10,1
3,2,11,1
3,2,13,1
3,2,15,1
3,2,16,1
3,2,19,1
3,2,20,1
3,2,22,1
3,2,23,1
3,8,2,39
3,8,30,25
3,8,4,11
3,8,15,11
3,8,17,11
3,8,27,5
3,8,3,1
3,8,5,1
3,8,6,1
3,8,7,1
3,8,8,1
3,8,9,1
3,8,10,1
3,8,11,1
3,8,12,1
3,8,13,1
3,8,14,1
3,8,16,1
3,8,18,1
3,8,19,1
3,8,20,1
3,8,21,1
3,8,22,1
3,8,23,1
3,8,24,1
3,8,25,1
3,8,26,1
3,8,28,1
3,8,29,1
3,9,24,26
3,9,2,11
3,9,19,11
3,9,5,10
3,9,26,10
3,9,27,10
3,9,13,5
3,9,22,5
3,9,29,5
3,9,18,3
3,9,3,1
3,9,4,1
3,9,6,1
3,9,7,1
3,9,8,1
3,9,9,1
3,9,10,1
3,9,11,1
3,9,12,1
3,9,14,1
3,9,15,1
3,9,16,1
3,9,17,1
3,9,20,1
3,9,21,1
3,9,23,1
3,9,25,1
3,9,28,1
3,13,16,26
3,13,13,3
3,13,15,3
3,13,12,1
3,13,14,1
3,13,17,1
3,13,18,1
3,13,19,1
3,12,8,25
3,12,9,25
3,12,22,25
3,12,7,18
3,12,10,11
3,12,24,11
3,12,15,10
3,12,17,4
3,12,14,3
3,12,11,1
3,12,12,1
3,12,13,1
3,12,16,1
3,12,18,1
3,12,19,1
3,12,20,1
3,12,21,1
3,12,23,1
3,4,23,19
3,4,4,11
3,4,8,11
3,4,11,11
3,4,14,11
3,4,21,11
3,4,7,10
3,4,17,5
3,4,9,3
3,4,26,3
3,4,28,3
3,4,5,1
3,4,6,1
3,4,10,1
3,4,12,1
3,4,13,1
3,4,15,1
3,4,16,1
3,4,18,1
3,4,19,1
3,4,20,1
3,4,22,1
3,4,24,1
3,4,25,1
3,4,27,1
3,5,4,11
3,5,29,11
3,5,5,10
3,5,26,10
3,5,21,2
3,5,2,1
3,5,3,1
3,5,6,1
3,5,7,1
3,5,8,1
3,5,9,1
3,5,10,1
3,5,11,1
3,5,12,1
3,5,13,1
3,5,14,1
3,5,15,1
3,5,16,1
3,5,17,1
3,5,18,1
3,5,19,1
3,5,20,1
3,5,22,1
3,5,23,1
3,5,24,1
3,5,25,1
3,5,27,1
3,5,28,1
3,6,16,11
3,6,28,11
3,6,4,10
3,6,12,4
3,6,9,3
3,6,18,3
3,6,2,1
3,6,3,1
3,6,5,1
3,6,6,1
3,6,7,1
3,6,8,1
3,6,10,1
3,6,11,1
3,6,13,1
3,6,14,1
3,6,15,1
3,6,17,1
3,6,19,1
3,6,20,1
3,6,21,1
3,6,22,1
3,6,23,1
3,6,24,1
3,6,25,1
3,6,26,1
3,6,27,1
3,6,29,1
3,7,16,11
3,7,30,11
3,7,17,8
3,7,14,5
3,7,7,3
3,7,10,3
3,7,29,3
3,7,1,1
3,7,2,1
3,7,3,1
3,7,4,1
3,7,5,1
3,7,6,1
3,7,8,1
3,7,9,1
3,7,11,1
3,7,12,1
3,7,13,1
3,7,15,1
3,7,18,1
3,7,19,1
3,7,20,1
3,7,21,1
3,7,22,1
3,7,23,1
3,7,24,1
3,7,25,1
3,7,26,1
3,7,27,1
3,7,28,1
3,10,28,11
3,10,12,3
3,10,22,3
3,10,26,3
3,10,3,1
3,10,4,1
3,10,5,1
3,10,6,1
3,10,7,1
3,10,8,1
3,10,9,1
3,10,10,1
3,10,11,1
3,10,13,1
3,10,14,1
3,10,15,1
3,10,16,1
3,10,17,1
3,10,18,1
3,10,19,1
3,10,20,1
3,10,21,1
3,10,23,1
3,10,24,1
3,10,25,1
3,10,27,1
3,11,6,10
3,11,7,10
3,11,8,10
3,11,17,10
3,11,23,10
3,11,24,5
3,11,25,5
3,11,13,3
3,11,16,3
3,11,18,3
3,11,5,1
3,11,9,1
3,11,10,1
3,11,11,1
3,11,12,1
3,11,14,1
3,11,15,1
3,11,19,1
3,11,20,1
3,11,21,1
3,11,22,1
3,11,26,1
3,3,6,5
3,3,25,5
3,3,5,1
3,3,7,1
3,3,8,1
3,3,9,1
3,3,10,1
3,3,11,1
3,3,12,1
3,3,13,1
3,3,14,1
3,3,15,1
3,3,16,1
3,3,17,1
3,3,18,1
3,3,19,1
3,3,20,1
3,3,21,1
3,3,22,1
3,3,23,1
3,3,24,1
3,3,26,1
4,1,14,39
4,1,15,39
4,1,16,39
4,1,17,39
4,1,18,39
4,1,13,10
4,7,30,39
4,7,3,25
4,7,12,25
4,7,18,25
4,7,5,11
4,7,16,11
4,7,19,11
4,7,28,11
4,7,29,11
4,7,27,10
4,7,1,7
4,7,2,7
4,7,11,4
4,7,6,3
4,7,7,3
4,7,21,3
4,7,4,1
4,7,8,1
4,7,9,1
4,7,10,1
4,7,13,1
4,7,14,1
4,7,15,1
4,7,17,1
4,7,20,1
4,7,22,1
4,7,23,1
4,7,24,1
4,7,25,1
4,7,26,1
4,9,2,39
4,9,5,25
4,9,6,25
4,9,3,7
4,9,29,6
4,9,15,5
4,9,17,4
4,9,4,3
4,9,28,3
4,9,7,1
4,9,8,1
4,9,9,1
4,9,10,1
4,9,11,1
4,9,12,1
4,9,13,1
4,9,14,1
4,9,16,1
4,9,18,1
4,9,19,1
4,9,20,1
4,9,21,1
4,9,22,1
4,9,23,1
4,9,24,1
4,9,25,1
4,9,26,1
4,9,27,1
4,10,3,39
4,10,12,25
4,10,7,10
4,10,22,10
4,10,23,10
4,10,4,7
4,10,5,3
4,10,6,3
4,10,27,3
4,10,28,3
4,10,8,1
4,10,9,1
4,10,10,1
4,10,11,1
4,10,13,1
4,10,14,1
4,10,15,1
4,10,16,1
4,10,17,1
4,10,18,1
4,10,19,1
4,10,20,1
4,10,21,1
4,10,24,1
4,10,25,1
4,10,26,1
4,11,26,39
4,11,19,10
4,11,20,10
4,11,5,7
4,11,6,4
4,11,7,3
4,11,18,2
4,11,8,1
4,11,9,1
4,11,10,1
4,11,11,1
4,11,12,1
4,11,13,1
4,11,14,1
4,11,15,1
4,11,16,1
4,11,17,1
4,11,21,1
4,11,22,1
4,11,23,1
4,11,24,1
4,11,25,1
4,4,28,26
4,4,6,25
4,4,23,11
4,4,27,11
4,4,5,10
4,4,25,10
4,4,16,5
4,4,24,5
4,4,7,2
4,4,4,1
4,4,8,1
4,4,9,1
4,4,10,1
4,4,11,1
4,4,12,1
4,4,13,1
4,4,14,1
4,4,15,1
4,4,17,1
4,4,18,1
4,4,19,1
4,4,20,1
4,4,21,1
4,4,22,1
4,4,26,1
4,8,4,26
4,8,15,25
4,8,18,25
4,8,19,11
4,8,21,11
4,8,2,7
4,8,3,7
4,8,14,6
4,8,16,5
4,8,23,5
4,8,7,3
4,8,10,3
4,8,20,3
4,8,30,3
4,8,5,1
4,8,6,1
4,8,8,1
4,8,9,1
4,8,11,1
4,8,12,1
4,8,13,1
4,8,17,1
4,8,22,1
4,8,24,1
4,8,25,1
4,8,26,1
4,8,27,1
4,8,28,1
4,8,29,1
4,13,19,26
4,13,13,25
4,13,16,25
4,13,15,20
4,13,12,11
4,13,17,11
4,13,18,11
4,13,14,1
4,2,8,25
4,2,23,12
4,2,10,11
4,2,15,10
4,2,22,5
4,2,9,3
4,2,11,3
4,2,21,3
4,2,12,1
4,2,13,1
4,2,14,1
4,2,16,1
4,2,17,1
4,2,18,1
4,2,19,1
4,2,20,1
4,5,3,25
4,5,11,25
4,5,2,11
4,5,19,11
4,5,27,11
4,5,26,10
4,5,21,5
4,5,4,3
4,5,5,3
4,5,7,3
4,5,9,3
4,5,12,3
4,5,20,3
4,5,29,3
4,5,23,2
4,5,6,1
4,5,8,1
4,5,10,1
4,5,13,1
4,5,14,1
4,5,15,1
4,5,16,1
4,5,17,1
4,5,18,1
4,5,22,1
4,5,24,1
4,5,25,1
4,5,28,1
4,6,10,25
4,6,21,25
4,6,28,22
4,6,7,11
4,6,12,11
4,6,18,11
4,6,23,11
4,6,27,10
4,6,2,7
4,6,24,7
4,6,3,4
4,6,6,3
4,6,8,3
4,6,13,3
4,6,16,3
4,6,26,3
4,6,4,1
4,6,5,1
4,6,9,1
4,6,11,1
4,6,14,1
4,6,15,1
4,6,17,1
4,6,19,1
4,6,20,1
4,6,22,1
4,6,25,1
4,6,29,1
4,12,8,25
4,12,24,25
4,12,7,18
4,12,19,10
4,12,20,10
4,12,14,5
4,12,21,5
4,12,9,1
4,12,10,1
4,12,11,1
4,12,12,1
4,12,13,1
4,12,15,1
4,12,16,1
4,12,17,1
4,12,18,1
4,12,22,1
4,12,23,1
4,3,5,22
4,3,7,10
4,3,11,10
4,3,26,5
4,3,6,4
4,3,8,1
4,3,9,1
4,3,10,1
4,3,12,1
4,3,13,1
4,3,14,1
4,3,15,1
4,3,16,1
4,3,17,1
4,3,18,1
4,3,19,1
4,3,20,1
4,3,21,1
4,3,22,1
4,3,23,1
4,3,24,1
4,3,25,1
5,1,13,39
5,1,15,26
5,1,18,11
5,1,16,6
5,1,14,1
5,1,17,1
5,3,26,39
5,3,22,11
5,3,9,10
5,3,25,10
5,3,5,3
5,3,15,3
5,3,10,2
5,3,6,1
5,3,7,1
5,3,8,1
5,3,11,1
5,3,12,1
5,3,13,1
5,3,14,1
5,3,16,1
5,3,17,1
5,3,18,1
5,3,19,1
5,3,20,1
5,3,21,1
5,3,23,1
5,3,24,1
5,4,4,39
5,4,5,22
5,4,13,11
5,4,16,11
5,4,9,10
5,4,26,10
5,4,27,10
5,4,28,10
5,4,6,5
5,4,25,5
5,4,7,1
5,4,8,1
5,4,10,1
5,4,11,1
5,4,12,1
5,4,14,1
5,4,15,1
5,4,17,1
5,4,18,1
5,4,19,1
5,4,20,1
5,4,21,1
5,4,22,1
5,4,23,1
5,4,24,1
5,6,28,39
5,6,12,11
5,6,20,11
5,6,5,10
5,6,23,10
5,6,7,7
5,6,13,4
5,6,18,4
5,6,2,3
5,6,3,1
5,6,4,1
5,6,6,1
5,6,8,1
5,6,9,1
5,6,10,1
5,6,11,1
5,6,14,1
5,6,15,1
5,6,16,1
5,6,17,1
5,6,19,1
5,6,21,1
5,6,22,1
5,6,24,1
5,6,25,1
5,6,26,1
5,6,27,1
5,6,29,1
5,7,22,39
5,7,30,39
5,7,9,25
5,7,12,25
5,7,28,22
5,7,26,11
5,7,29,11
5,7,27,10
5,7,1,6
5,7,19,5
5,7,14,4
5,7,2,3
5,7,15,3
5,7,25,3
5,7,3,1
5,7,4,1
5,7,5,1
5,7,6,1
5,7,7,1
5,7,8,1
5,7,10,1
5,7,11,1
5,7,13,1
5,7,16,1
5,7,17,1
5,7,18,1
5,7,20,1
5,7,21,1
5,7,23,1
5,7,24,1
5,11,26,39
5,11,12,11
5,11,10,10
5,11,21,10
5,11,16,6
5,11,14,5
5,11,11,4
5,11,9,3
5,11,25,3
5,11,5,1
5,11,6,1
5,11,7,1
5,11,8,1
5,11,13,1
5,11,15,1
5,11,17,1
5,11,18,1
5,11,19,1
5,11,20,1
5,11,22,1
5,11,23,1
5,11,24,1
5,13,16,39
5,13,15,20
5,13,19,5
5,13,18,3
5,13,12,1
5,13,13,1
5,13,14,1
5,13,17,1
5,9,3,25
5,9,4,11
5,9,2,10
5,9,6,10
5,9,10,10
5,9,17,10
5,9,24,10
5,9,26,10
5,9,27,10
5,9,5,8
5,9,14,3
5,9,7,1
5,9,8,1
5,9,9,1
5,9,11,1
5,9,12,1
5,9,13,1
5,9,15,1
5,9,16,1
5,9,18,1
5,9,19,1
5,9,20,1
5,9,21,1
5,9,22,1
5,9,23,1
5,9,25,1
5,9,28,1
5,9,29,1
5,2,20,22
5,2,10,10
5,2,11,10
5,2,9,5
5,2,13,5
5,2,12,4
5,2,8,1
5,2,14,1
5,2,15,1
5,2,16,1
5,2,17,1
5,2,18,1
5,2,19,1
5,2,21,1
5,2,22,1
5,2,23,1
5,5,12,22
5,5,3,11
5,5,11,11
5,5,25,11
5,5,29,11
5,5,9,10
5,5,2,5
5,5,5,5
5,5,19,5
5,5,4,2
5,5,6,1
5,5,7,1
5,5,8,1
5,5,10,1
5,5,13,1
5,5,14,1
5,5,15,1
5,5,16,1
5,5,17,1
5,5,18,1
5,5,20,1
5,5,21,1
5,5,22,1
5,5,23,1
5,5,24,1
5,5,26,1
5,5,27,1
5,5,28,1
5,12,7,18
5,12,24,11
5,12,13,10
5,12,20,3
5,12,22,3
5,12,23,3
5,12,8,1
5,12,9,1
5,12,10,1
5,12,11,1
5,12,12,1
5,12,14,1
5,12,15,1
5,12,16,1
5,12,17,1
5,12,18,1
5,12,19,1
5,12,21,1
5,8,2,11
5,8,30,11
5,8,4,10
5,8,23,5
5,8,5,4
5,8,10,3
5,8,18,3
5,8,3,1
5,8,6,1
5,8,7,1
5,8,8,1
5,8,9,1
5,8,11,1
5,8,12,1
5,8,13,1
5,8,14,1
5,8,15,1
5,8,16,1
5,8,17,1
5,8,19,1
5,8,20,1
5,8,21,1
5,8,22,1
5,8,24,1
5,8,25,1
5,8,26,1
5,8,27,1
5,8,28,1
5,8,29,1
5,10,4,11
5,10,21,11
5,10,28,11
5,10,8,10
5,10,24,10
5,10,3,5
5,10,25,5
5,10,16,3
5,10,5,1
5,10,6,1
5,10,7,1
5,10,9,1
5,10,10,1
5,10,11,1
5,10,12,1
5,10,13,1
5,10,14,1
5,10,15,1
5,10,17,1
5,10,18,1
5,10,19,1
5,10,20,1
5,10,22,1
5,10,23,1
5,10,26,1
5,10,27,1
6,1,13,39
6,1,15,39
6,1,16,39
6,1,18,11
6,1,14,1
6,1,17,1
6,2,20,39
6,2,21,26
6,2,8,10
6,2,13,10
6,2,14,10
6,2,16,10
6,2,18,5
6,2,9,3
6,2,19,3
6,2,10,1
6,2,11,1
6,2,12,1
6,2,15,1
6,2,17,1
6,2,22,1
6,2,23,1
6,4,28,39
6,4,5,11
6,4,9,11
6,4,27,11
6,4,4,10
6,4,7,10
6,4,11,10
6,4,22,10
6,4,25,10
6,4,16,5
6,4,8,3
6,4,19,3
6,4,6,1
6,4,10,1
6,4,12,1
6,4,13,1
6,4,14,1
6,4,15,1
6,4,17,1
6,4,18,1
6,4,20,1
6,4,21,1
6,4,23,1
6,4,24,1
6,4,26,1
6,11,26,39
6,11,17,11
6,11,6,10
6,11,7,10
6,11,25,7
6,11,5,3
6,11,21,3
6,11,8,1
6,11,9,1
6,11,10,1
6,11,11,1
6,11,12,1
6,11,13,1
6,11,14,1
6,11,15,1
6,11,16,1
6,11,18,1
6,11,19,1
6,11,20,1
6,11,22,1
6,11,23,1
6,11,24,1
6,13,19,39
6,13,13,25
6,13,12,11
6,13,15,10
6,13,14,6
6,13,16,4
6,13,17,1
6,13,18,1
6,12,8,26
6,12,14,11
6,12,11,10
6,12,12,10
6,12,7,5
6,12,16,5
6,12,18,5
6,12,9,1
6,12,10,1
6,12,13,1
6,12,15,1
6,12,17,1
6,12,19,1
6,12,20,1
6,12,21,1
6,12,22,1
6,12,23,1
6,12,24,1
6,5,18,25
6,5,3,17
6,5,20,11
6,5,29,11
6,5,26,10
6,5,27,10
6,5,4,3
6,5,2,1
6,5,5,1
6,5,6,1
6,5,7,1
6,5,8,1
6,5,9,1
6,5,10,1
6,5,11,1
6,5,12,1
6,5,13,1
6,5,14,1
6,5,15,1
6,5,16,1
6,5,17,1
6,5,19,1
6,5,21,1
6,5,22,1
6,5,23,1
6,5,24,1
6,5,25,1
6,5,28,1
6,7,19,25
6,7,4,17
6,7,2,11
6,7,30,11
6,7,25,10
6,7,26,10
6,7,27,10
6,7,28,10
6,7,1,3
6,7,5,3
6,7,7,3
6,7,15,3
6,7,3,1
6,7,6,1
6,7,8,1
6,7,9,1
6,7,10,1
6,7,11,1
6,7,12,1
6,7,13,1
6,7,14,1
6,7,16,1
6,7,17,1
6,7,18,1
6,7,20,1
6,7,21,1
6,7,22,1
6,7,23,1
6,7,24,1
6,7,29,1
6,8,14,25
6,8,2,11
6,8,7,11
6,8,12,11
6,8,3,10
6,8,4,10
6,8,25,10
6,8,15,3
6,8,17,3
6,8,22,3
6,8,5,1
6,8,6,1
6,8,8,1
6,8,9,1
6,8,10,1
6,8,11,1
6,8,13,1
6,8,16,1
6,8,18,1
6,8,19,1
6,8,20,1
6,8,21,1
6,8,23,1
6,8,24,1
6,8,26,1
6,8,27,1
6,8,28,1
6,8,29,1
6,8,30,1
6,9,3,25
6,9,2,11
6,9,16,11
6,9,25,10
6,9,26,10
6,9,27,10
6,9,29,7
6,9,11,5
6,9,6,4
6,9,9,4
6,9,15,3
6,9,4,1
6,9,5,1
6,9,7,1
6,9,8,1
6,9,10,1
6,9,12,1
6,9,13,1
6,9,14,1
6,9,17,1
6,9,18,1
6,9,19,1
6,9,20,1
6,9,21,1
6,9,22,1
6,9,23,1
6,9,24,1
6,9,28,1
6,10,3,25
6,10,4,11
6,10,17,10
6,10,8,5
6,10,28,5
6,10,7,3
6,10,12,3
6,10,21,3
6,10,5,1
6,10,6,1
6,10,9,1
6,10,10,1
6,10,11,1
6,10,13,1
6,10,14,1
6,10,15,1
6,10,16,1
6,10,18,1
6,10,19,1
6,10,20,1
6,10,22,1
6,10,23,1
6,10,24,1
6,10,25,1
6,10,26,1
6,10,27,1
6,3,7,11
6,3,6,10
6,3,10,10
6,3,11,10
6,3,12,10
6,3,16,10
6,3,22,10
6,3,23,10
6,3,18,5
6,3,21,4
6,3,26,3
6,3,5,1
6,3,8,1
6,3,9,1
6,3,13,1
6,3,14,1
6,3,15,1
6,3,17,1
6,3,19,1
6,3,20,1
6,3,24,1
6,3,25,1
6,6,12,11
6,6,18,11
6,6,4,10
6,6,28,5
6,6,14,3
6,6,15,3
6,6,29,3
6,6,2,1
6,6,3,1
6,6,5,1
6,6,6,1
6,6,7,1
6,6,8,1
6,6,9,1
6,6,10,1
6,6,11,1
6,6,13,1
6,6,16,1
6,6,17,1
6,6,19,1
6,6,20,1
6,6,21,1
6,6,22,1
6,6,23,1
6,6,24,1
6,6,25,1
6,6,26,1
6,6,27,1
7,6,29,40
7,6,9,25
7,6,5,22
7,6,11,22
7,6,15,12
7,6,18,11
7,6,25,11
7,6,3,10
7,6,4,10
7,6,12,4
7,6,2,1
7,6,6,1
7,6,7,1
7,6,8,1
7,6,10,1
7,6,13,1
7,6,14,1
7,6,16,1
7,6,17,1
7,6,19,1
7,6,20,1
7,6,21,1
7,6,22,1
7,6,23,1
7,6,24,1
7,6,26,1
7,6,27,1
7,6,28,1
7,1,18,39
7,1,15,26
7,1,17,25
7,1,13,22
7,1,16,3
7,1,14,1
7,7,30,39
7,7,5,25
7,7,12,25
7,7,10,11
7,7,20,11
7,7,25,11
7,7,1,10
7,7,27,10
7,7,16,5
7,7,2,3
7,7,14,3
7,7,3,1
7,7,4,1
7,7,6,1
7,7,7,1
7,7,8,1
7,7,9,1
7,7,11,1
7,7,13,1
7,7,15,1
7,7,17,1
7,7,18,1
7,7,19,1
7,7,21,1
7,7,22,1
7,7,23,1
7,7,24,1
7,7,26,1
7,7,28,1
7,7,29,1
7,8,2,39
7,8,3,25
7,8,14,25
7,8,15,25
7,8,11,6
7,8,6,5
7,8,16,5
7,8,30,5
7,8,18,3
7,8,24,3
7,8,4,1
7,8,5,1
7,8,7,1
7,8,8,1
7,8,9,1
7,8,10,1
7,8,12,1
7,8,13,1
7,8,17,1
7,8,19,1
7,8,20,1
7,8,21,1
7,8,22,1
7,8,23,1
7,8,25,1
7,8,26,1
7,8,27,1
7,8,28,1
7,8,29,1
7,9,15,39
7,9,5,11
7,9,27,11
7,9,29,10
7,9,2,5
7,9,16,5
7,9,18,5
7,9,28,4
7,9,4,3
7,9,12,3
7,9,24,3
7,9,3,1
7,9,6,1
7,9,7,1
7,9,8,1
7,9,9,1
7,9,10,1
7,9,11,1
7,9,13,1
7,9,14,1
7,9,17,1
7,9,19,1
7,9,20,1
7,9,21,1
7,9,22,1
7,9,23,1
7,9,25,1
7,9,26,1
7,13,15,26
7,13,12,25
7,13,19,11
7,13,16,5
7,13,14,3
7,13,13,1
7,13,17,1
7,13,18,1
7,2,18,25
7,2,8,22
7,2,10,11
7,2,13,5
7,2,21,5
7,2,12,3
7,2,14,3
7,2,22,3
7,2,9,1
7,2,11,1
7,2,15,1
7,2,16,1
7,2,17,1
7,2,19,1
7,2,20,1
7,2,23,1
7,3,24,25
7,3,5,5
7,3,12,5
7,3,13,5
7,3,14,5
7,3,19,2
7,3,6,1
7,3,7,1
7,3,8,1
7,3,9,1
7,3,10,1
7,3,11,1
7,3,15,1
7,3,16,1
7,3,17,1
7,3,18,1
7,3,20,1
7,3,21,1
7,3,22,1
7,3,23,1
7,3,25,1
7,3,26,1
7,10,3,25
7,10,18,25
7,10,28,12
7,10,15,11
7,10,23,5
7,10,4,3
7,10,14,3
7,10,16,3
7,10,17,3
7,10,5,1
7,10,6,1
7,10,7,1
7,10,8,1
7,10,9,1
7,10,10,1
7,10,11,1
7,10,12,1
7,10,13,1
7,10,19,1
7,10,20,1
7,10,21,1
7,10,22,1
7,10,24,1
7,10,25,1
7,10,26,1
7,10,27,1
7,12,9,25
7,12,24,25
7,12,18,20
7,12,7,18
7,12,16,11
7,12,11,5
7,12,8,1
7,12,10,1
7,12,12,1
7,12,13,1
7,12,14,1
7,12,15,1
7,12,17,1
7,12,19,1
7,12,20,1
7,12,21,1
7,12,22,1
7,12,23,1
7,4,5,22
7,4,24,11
7,4,28,11
7,4,13,10
7,4,6,5
7,4,15,5
7,4,11,3
7,4,4,1
7,4,7,1
7,4,8,1
7,4,9,1
7,4,10,1
7,4,12,1
7,4,14,1
7,4,16,1
7,4,17,1
7,4,18,1
7,4,19,1
7,4,20,1
7,4,21,1
7,4,22,1
7,4,23,1
7,4,25,1
7,4,26,1
7,4,27,1
7,5,2,22
7,5,4,12
7,5,16,11
7,5,20,5
7,5,29,4
7,5,3,3
7,5,5,1
7,5,6,1
7,5,7,1
7,5,8,1
7,5,9,1
7,5,10,1
7,5,11,1
7,5,12,1
7,5,13,1
7,5,14,1
7,5,15,1
7,5,17,1
7,5,18,1
7,5,19,1
7,5,21,1
7,5,22,1
7,5,23,1
7,5,24,1
7,5,25,1
7,5,26,1
7,5,27,1
7,5,28,1
7,11,16,11
7,11,17,11
7,11,13,10
7,11,5,4
7,11,8,3
7,11,18,3
7,11,6,1
7,11,7,1
7,11,9,1
7,11,10,1
7,11,11,1
7,11,12,1
7,11,14,1
7,11,15,1
7,11,19,1
7,11,20,1
7,11,21,1
7,11,22,1
7,11,23,1
7,11,24,1
7,11,25,1
7,11,26,1
8,7,27,41
8,7,12,11
8,7,16,11
8,7,30,11
8,7,6,10
8,7,11,5
8,7,26,5
8,7,2,4
8,7,1,3
8,7,3,1
8,7,4,1
8,7,5,1
8,7,7,1
8,7,8,1
8,7,9,1
8,7,10,1
8,7,13,1
8,7,14,1
8,7,15,1
8,7,17,1
8,7,18,1
8,7,19,1
8,7,20,1
8,7,21,1
8,7,22,1
8,7,23,1
8,7,24,1
8,7,25,1
8,7,28,1
8,7,29,1
8,5,28,39
8,5,2,11
8,5,29,11
8,5,10,5
8,5,23,4
8,5,3,3
8,5,8,3
8,5,18,3
8,5,22,3
8,5,26,3
8,5,4,1
8,5,5,1
8,5,6,1
8,5,7,1
8,5,9,1
8,5,11,1
8,5,12,1
8,5,13,1
8,5,14,1
8,5,15,1
8,5,16,1
8,5,17,1
8,5,19,1
8,5,20,1
8,5,21,1
8,5,24,1
8,5,25,1
8,5,27,1
8,8,22,39
8,8,3,26
8,8,15,25
8,8,26,25
8,8,4,10
8,8,5,10
8,8,20,10
8,8,2,5
8,8,17,5
8,8,21,5
8,8,23,5
8,8,27,3
8,8,30,3
8,8,6,1
8,8,7,1
8,8,8,1
8,8,9,1
8,8,10,1
8,8,11,1
8,8,12,1
8,8,13,1
8,8,14,1
8,8,16,1
8,8,18,1
8,8,19,1
8,8,24,1
8,8,25,1
8,8,28,1
8,8,29,1
8,10,28,39
8,10,10,11
8,10,12,11
8,10,24,10
8,10,25,10
8,10,3,3
8,10,4,3
8,10,16,2
8,10,5,1
8,10,6,1
8,10,7,1
8,10,8,1
8,10,9,1
8,10,11,1
8,10,13,1
8,10,14,1
8,10,15,1
8,10,17,1
8,10,18,1
8,10,19,1
8,10,20,1
8,10,21,1
8,10,22,1
8,10,23,1
8,10,26,1
8,10,27,1
8,6,23,26
8,6,7,11
8,6,12,11
8,6,18,11
8,6,5,10
8,6,13,5
8,6,16,5
8,6,2,3
8,6,17,3
8,6,27,3
8,6,3,1
8,6,4,1
8,6,6,1
8,6,8,1
8,6,9,1
8,6,10,1
8,6,11,1
8,6,14,1
8,6,15,1
8,6,19,1
8,6,20,1
8,6,21,1
8,6,22,1
8,6,24,1
8,6,25,1
8,6,26,1
8,6,28,1
8,6,29,1
8,13,15,26
8,13,16,12
8,13,19,11
8,13,13,2
8,13,12,1
8,13,14,1
8,13,17,1
8,13,18,1
8,2,21,25
8,2,23,11
8,2,8,5
8,2,9,5
8,2,10,1
8,2,11,1
8,2,12,1
8,2,13,1
8,2,14,1
8,2,15,1
8,2,16,1
8,2,17,1
8,2,18,1
8,2,19,1
8,2,20,1
8,2,22,1
8,3,12,25
8,3,10,22
8,3,5,11
8,3,8,3
8,3,6,1
8,3,7,1
8,3,9,1
8,3,11,1
8,3,13,1
8,3,14,1
8,3,15,1
8,3,16,1
8,3,17,1
8,3,18,1
8,3,19,1
8,3,20,1
8,3,21,1
8,3,22,1
8,3,23,1
8,3,24,1
8,3,25,1
8,3,26,1
8,12,9,25
8,12,7,18
8,12,24,11
8,12,14,10
8,12,16,10
8,12,8,3
8,12,17,3
8,12,19,3
8,12,10,1
8,12,11,1
8,12,12,1
8,12,13,1
8,12,15,1
8,12,18,1
8,12,20,1
8,12,21,1
8,12,22,1
8,12,23,1
8,11,26,22
8,11,8,11
8,11,13,10
8,11,5,5
8,11,6,5
8,11,9,3
8,11,7,1
8,11,10,1
8,11,11,1
8,11,12,1
8,11,14,1
8,11,15,1
8,11,16,1
8,11,17,1
8,11,18,1
8,11,19,1
8,11,20,1
8,11,21,1
8,11,22,1
8,11,23,1
8,11,24,1
8,11,25,1
8,4,19,19
8,4,28,12
8,4,6,11
8,4,10,3
8,4,15,3
8,4,26,3
8,4,4,2
8,4,5,1
8,4,7,1
8,4,8,1
8,4,9,1
8,4,11,1
8,4,12,1
8,4,13,1
8,4,14,1
8,4,16,1
8,4,17,1
8,4,18,1
8,4,20,1
8,4,21,1
8,4,22,1
8,4,23,1
8,4,24,1
8,4,25,1
8,4,27,1
8,1,13,18
8,1,18,11
8,1,17,6
8,1,14,1
8,1,15,1
8,1,16,1
8,9,4,17
8,9,3,10
8,9,25,10
8,9,2,4
8,9,13,3
8,9,29,3
8,9,5,1
8,9,6,1
8,9,7,1
8,9,8,1
8,9,9,1
8,9,10,1
8,9,11,1
8,9,12,1
8,9,14,1
8,9,15,1
8,9,16,1
8,9,17,1
8,9,18,1
8,9,19,1
8,9,20,1
8,9,21,1
8,9,22,1
8,9,23,1
8,9,24,1
8,9,26,1
8,9,27,1
8,9,28,1
9,1,18,39
9,1,16,26
9,1,13,22
9,1,14,10
9,1,15,5
9,1,17,3
9,3,26,39
9,3,5,11
9,3,12,11
9,3,9,10
9,3,10,10
9,3,13,10
9,3,21,10
9,3,15,3
9,3,6,1
9,3,7,1
9,3,8,1
9,3,11,1
9,3,14,1
9,3,16,1
9,3,17,1
9,3,18,1
9,3,19,1
9,3,20,1
9,3,22,1
9,3,23,1
9,3,24,1
9,3,25,1
9,5,2,39
9,5,3,25
9,5,15,11
9,5,7,10
9,5,19,10
9,5,20,5
9,5,25,5
9,5,27,5
9,5,9,3
9,5,16,3
9,5,24,3
9,5,29,3
9,5,4,1
9,5,5,1
9,5,6,1
9,5,8,1
9,5,10,1
9,5,11,1
9,5,12,1
9,5,13,1
9,5,14,1
9,5,17,1
9,5,18,1
9,5,21,1
9,5,22,1
9,5,23,1
9,5,26,1
9,5,28,1
9,8,2,39
9,8,17,25
9,8,30,11
9,8,3,1
9,8,4,1
9,8,5,1
9,8,6,1
9,8,7,1
9,8,8,1
9,8,9,1
9,8,10,1
9,8,11,1
9,8,12,1
9,8,13,1
9,8,14,1
9,8,15,1
9,8,16,1
9,8,18,1
9,8,19,1
9,8,20,1
9,8,21,1
9,8,22,1
9,8,23,1
9,8,24,1
9,8,25,1
9,8,26,1
9,8,27,1
9,8,28,1
9,8,29,1
9,13,13,39
9,13,15,26
9,13,12,10
9,13,16,10
9,13,14,5
9,13,17,1
9,13,18,1
9,13,19,1
9,7,1,26
9,7,3,26
9,7,14,25
9,7,18,25
9,7,2,11
9,7,26,11
9,7,30,11
9,7,4,10
9,7,5,10
9,7,6,10
9,7,25,10
9,7,10,3
9,7,12,3
9,7,7,1
9,7,8,1
9,7,9,1
9,7,11,1
9,7,13,1
9,7,15,1
9,7,16,1
9,7,17,1
9,7,19,1
9,7,20,1
9,7,21,1
9,7,22,1
9,7,23,1
9,7,24,1
9,7,27,1
9,7,28,1
9,7,29,1
9,9,2,25
9,9,9,25
9,9,29,22
9,9,3,11
9,9,4,11
9,9,5,10
9,9,6,10
9,9,7,10
9,9,12,5
9,9,27,3
9,9,8,1
9,9,10,1
9,9,11,1
9,9,13,1
9,9,14,1
9,9,15,1
9,9,16,1
9,9,17,1
9,9,18,1
9,9,19,1
9,9,20,1
9,9,21,1
9,9,22,1
9,9,23,1
9,9,24,1
9,9,25,1
9,9,26,1
9,9,28,1
9,11,5,25
9,11,6,11
9,11,18,10
9,11,21,10
9,11,7,1
9,11,8,1
9,11,9,1
9,11,10,1
9,11,11,1
9,11,12,1
9,11,13,1
9,11,14,1
9,11,15,1
9,11,16,1
9,11,17,1
9,11,19,1
9,11,20,1
9,11,22,1
9,11,23,1
9,11,24,1
9,11,25,1
9,11,26,1
9,2,23,22
9,2,11,10
9,2,15,10
9,2,8,5
9,2,19,5
9,2,9,1
9,2,10,1
9,2,12,1
9,2,13,1
9,2,14,1
9,2,16,1
9,2,17,1
9,2,18,1
9,2,20,1
9,2,21,1
9,2,22,1
9,10,3,12
9,10,4,10
9,10,6,10
9,10,7,10
9,10,23,10
9,10,26,3
9,10,5,1
9,10,8,1
9,10,9,1
9,10,10,1
9,10,11,1
9,10,12,1
9,10,13,1
9,10,14,1
9,10,15,1
9,10,16,1
9,10,17,1
9,10,18,1
9,10,19,1
9,10,20,1
9,10,21,1
9,10,22,1
9,10,24,1
9,10,25,1
9,10,27,1
9,10,28,1
9,4,20,11
9,4,25,11
9,4,5,10
9,4,8,10
9,4,22,10
9,4,24,10
9,4,27,5
9,4,28,4
9,4,4,1
9,4,6,1
9,4,7,1
9,4,9,1
9,4,10,1
9,4,11,1
9,4,12,1
9,4,13,1
9,4,14,1
9,4,15,1
9,4,16,1
9,4,17,1
9,4,18,1
9,4,19,1
9,4,21,1
9,4,23,1
9,4,26,1
9,6,9,11
9,6,12,11
9,6,3,10
9,6,6,10
9,6,18,10
9,6,11,3
9,6,14,3
9,6,2,1
9,6,4,1
9,6,5,1
9,6,7,1
9,6,8,1
9,6,10,1
9,6,13,1
9,6,15,1
9,6,16,1
9,6,17,1
9,6,19,1
9,6,20,1
9,6,21,1
9,6,22,1
9,6,23,1
9,6,24,1
9,6,25,1
9,6,26,1
9,6,27,1
9,6,28,1
9,6,29,1
9,12,7,10
9,12,11,5
9,12,24,3
9,12,9,2
9,12,8,1
9,12,10,1
9,12,12,1
9,12,13,1
9,12,14,1
9,12,15,1
9,12,16,1
9,12,17,1
9,12,18,1
9,12,19,1
9,12,20,1
9,12,21,1
9,12,22,1
9,12,23,1
